player,player_id,position,team_name,player_game_count,accuracy_percent,aimed_passes,attempts,avg_depth_of_target,avg_time_to_throw,bats,big_time_throws,btt_rate,completion_percent,completions,declined_penalties,def_gen_pressures,drop_rate,dropbacks,drops,first_downs,franchise_id,grades_hands_fumble,grades_offense,grades_pass,grades_run,hit_as_threw,interceptions,passing_snaps,penalties,pressure_to_sack_rate,qb_rating,sack_percent,sacks,scrambles,spikes,thrown_aways,touchdowns,turnover_worthy_plays,twp_rate,yards,ypa
Will Rogers,124184,QB,MISS STATE,12,78.6,524,570,5.9,2.49,18,13,2.2,67.2,383,0,123,7.0,608,29,195,227,53.1,72.9,72.5,50.4,1,6,640,3,19.5,100.6,3.9,24,11,6,21,34,17,2.7,3694,6.5
Kyle Vantrease,55029,QB,GA SOUTHRN,12,68.7,531,559,8.9,2.3,7,21,3.6,61.7,345,0,127,5.5,574,20,184,174,65.0,68.9,68.7,51.8,1,15,603,0,4.7,86.4,1.0,6,8,0,20,25,21,3.5,3918,7.0
Austin Reed,111760,QB,W KENTUCKY,13,72.7,520,550,8.4,2.29,14,31,5.4,64.5,355,0,99,6.1,585,23,194,346,54.2,75.5,74.3,63.4,5,10,611,2,13.1,102.3,2.2,13,16,2,9,36,23,3.8,4247,7.7
Michael Penix Jr.,82134,QB,WASHINGTON,12,74.7,483,503,9.9,2.57,3,25,4.7,65.6,330,0,112,8.6,520,31,206,340,81.0,90.1,90.1,53.9,1,7,552,4,3.6,106.2,0.8,4,13,2,14,29,7,1.3,4354,8.7
John Paddock,77689,QB,BALL ST,12,67.3,453,483,7.4,2.19,13,10,2.0,59.8,289,0,124,5.2,501,16,144,117,74.5,63.1,62.1,53.0,4,14,530,1,10.5,76.0,2.6,13,5,0,13,18,20,3.8,2743,5.7
Clayton Tune,77652,QB,HOUSTON,12,79.6,432,469,9.5,3.16,7,26,5.3,67.2,315,0,147,8.4,545,29,209,182,56.4,91.5,90.7,73.6,2,10,571,2,15.6,109.5,4.2,23,51,1,27,37,17,3.0,3836,8.2
Cam Ward,133244,QB,WASH STATE,12,75.0,432,469,7.1,2.99,4,10,2.0,63.8,299,0,200,7.7,550,25,170,341,48.5,61.9,59.2,67.8,1,8,573,4,20.0,91.9,7.3,40,36,0,32,23,17,3.0,3091,6.6
Hunter Dekkers,122511,QB,IOWA STATE,12,74.2,442,458,7.5,2.61,2,15,3.2,65.9,302,1,155,7.9,507,26,160,193,71.4,73.7,74.7,56.8,2,14,527,3,17.4,85.8,5.3,27,21,1,11,19,13,2.5,3044,6.6
Jack Plummer,83543,QB,CAL,12,74.7,411,453,9.0,2.57,3,19,3.9,62.3,282,0,183,8.1,496,25,149,130,68.1,78.4,74.9,75.4,7,9,528,3,16.9,89.6,6.3,31,12,0,32,21,18,3.4,3095,6.8
Aidan O'Connell,60516,QB,PURDUE,11,72.4,424,451,8.4,2.51,4,18,3.8,63.4,286,0,117,6.8,482,21,152,273,74.1,68.2,67.3,61.1,6,11,512,5,16.2,89.8,3.9,19,11,0,17,22,22,4.3,3117,6.9
Layne Hatcher,82068,QB,TEXAS ST,12,71.4,406,447,8.1,2.74,6,17,3.7,61.7,276,0,138,4.8,492,14,119,314,60.9,58.9,59.0,52.3,2,10,510,5,19.6,83.4,5.5,27,15,1,32,19,21,4.1,2680,6.0
E.J. Warner,156185,QB,TEMPLE,11,69.2,419,443,8.5,2.31,7,13,2.8,60.5,268,0,130,7.6,454,22,148,306,55.8,60.8,63.0,31.0,1,12,473,3,5.4,83.2,1.5,7,4,0,16,18,22,4.7,3025,6.8
Drake Maye,143969,QB,N CAROLINA,12,76.5,409,439,10.3,2.9,3,39,8.6,67.2,295,0,198,5.8,550,18,205,245,63.5,91.9,91.2,73.9,4,5,571,2,19.2,115.4,6.9,38,69,2,21,34,10,1.8,3819,8.7
Jayden de Laura,131928,QB,ARIZONA,12,70.4,422,438,10.0,3.11,3,29,6.3,62.1,272,0,163,8.4,504,25,192,109,27.6,76.3,73.7,69.0,1,13,528,6,16.6,95.5,5.4,27,38,2,10,25,24,4.5,3685,8.4
Holton Ahlers,77651,QB,E CAROLINA,12,74.3,413,435,8.5,2.48,10,18,3.9,66.7,290,0,148,5.5,469,17,158,156,75.5,85.2,83.0,66.5,4,5,493,1,10.1,103.0,3.2,15,19,2,6,23,10,2.0,3399,7.8
Tanner McKee,131770,QB,STANFORD,12,72.0,393,433,7.8,2.51,7,15,3.3,61.2,265,0,148,6.4,499,18,145,300,74.2,75.4,75.2,55.7,2,8,525,0,27.0,83.8,8.0,40,24,7,24,13,8,1.5,2949,6.8
Connor Bazelak,99135,QB,INDIANA,10,64.6,390,428,8.2,2.52,5,7,1.5,54.9,235,0,154,6.7,453,17,112,190,61.8,52.5,52.8,49.8,3,10,485,6,14.9,70.7,5.1,23,1,0,30,13,15,3.1,2312,5.4
Cole Snyder,97617,QB,BUFFALO,12,68.4,389,425,9.5,2.49,10,16,3.6,59.1,251,0,141,5.6,483,15,137,126,56.6,63.2,61.4,59.8,2,8,507,1,22.0,83.9,6.4,31,27,0,24,17,22,4.3,2763,6.5
Seth Henigan,144267,QB,MEMPHIS,12,73.0,407,424,9.3,2.84,2,22,4.8,63.7,270,0,149,9.1,506,27,161,218,61.7,79.7,79.5,63.2,2,8,539,3,18.8,94.6,5.5,28,52,1,12,19,14,2.6,3296,7.8
Chase Cunningham,78533,QB,MIDDLE TN,11,77.8,387,419,6.0,2.46,3,17,3.8,66.8,280,0,161,7.0,454,21,136,224,61.9,66.0,66.9,56.2,2,9,488,3,13.7,92.9,4.8,22,12,1,26,19,17,3.5,2910,6.9
Hayden Wolff,98362,QB,DOMINION,12,66.2,385,411,9.7,2.69,12,25,5.8,56.9,234,0,166,8.2,469,21,128,263,34.9,65.3,64.9,57.9,2,6,493,2,21.7,87.5,7.7,36,21,1,11,18,22,4.5,2904,7.1
Caleb Williams,144622,QB,USC,12,76.1,385,409,9.7,3.3,5,24,5.4,65.8,269,0,153,8.2,465,24,183,326,54.2,91.2,89.2,78.7,3,3,499,3,15.0,119.4,4.9,23,33,1,15,34,8,1.6,3717,9.1
Tanner Mordecai,77656,QB,SMU,11,73.1,386,402,9.3,2.66,1,27,6.3,63.9,257,0,100,8.9,443,25,154,287,42.1,77.5,80.3,44.0,2,9,470,1,17.0,105.6,3.8,17,23,0,13,31,12,2.6,3268,8.1
Brayden Schager,146078,QB,HAWAII,12,67.6,380,402,10.0,2.78,2,19,4.5,55.0,221,0,142,14.0,440,36,113,180,59.5,65.8,63.8,63.7,3,10,463,2,9.9,72.6,3.2,14,16,1,16,13,17,3.7,2348,5.8
Frank Harris,60586,QB,UTSA,12,77.0,374,397,9.1,2.64,7,19,4.5,69.0,274,0,134,4.9,461,14,189,331,59.1,90.7,87.3,78.1,1,7,485,3,14.2,112.0,4.1,19,45,2,13,27,9,1.9,3531,8.9
Sam Hartman,77618,QB,WAKE,11,71.3,376,393,12.9,3.02,6,25,5.9,62.8,247,0,154,7.8,463,21,177,339,41.2,86.9,88.3,54.8,7,11,492,2,22.1,108.7,7.3,34,36,0,4,35,16,3.3,3420,8.7
Payton Thorne,101629,QB,MICH STATE,12,71.7,364,390,8.5,2.69,9,18,4.2,62.1,242,1,125,7.3,423,19,134,223,68.6,71.8,70.7,61.7,1,11,460,4,15.2,86.9,4.5,19,13,2,14,19,14,3.0,2679,6.9
Chevan Cordeiro,75886,QB,S JOSE ST,11,70.9,357,382,10.1,2.74,7,23,5.6,61.0,233,0,155,7.9,483,20,150,285,69.9,77.7,74.7,67.8,2,4,512,2,26.5,97.4,8.5,41,60,0,16,20,11,2.1,2879,7.5
DJ Irons,145585,QB,AKRON,10,74.6,358,380,9.1,2.89,1,11,2.8,66.1,251,2,158,6.0,455,16,142,102,59.9,73.1,69.4,72.0,3,7,473,6,25.9,86.6,9.0,41,32,2,16,10,15,3.2,2589,6.8
Bo Nix,97790,QB,OREGON,12,82.6,344,378,7.7,2.64,7,14,3.5,71.4,270,0,88,4.9,408,14,158,264,77.1,85.6,77.0,83.2,2,6,430,4,5.7,116.1,1.2,5,24,0,25,27,8,1.9,3384,9.0
Jaren Hall,82094,QB,BYU,12,75.9,340,376,10.0,2.78,6,22,5.5,65.7,247,0,101,4.3,417,11,151,128,58.0,86.3,82.4,72.0,2,6,443,0,11.9,112.7,2.9,12,27,1,27,31,12,2.7,3162,8.4
Matt McDonald,60350,QB,BOWL GREEN,11,72.8,345,374,8.5,2.73,15,14,3.5,61.2,229,0,155,8.8,434,22,120,122,61.4,73.9,72.0,65.1,6,8,464,3,22.6,93.0,8.1,35,23,0,8,22,15,3.2,2624,7.0
Carter Bradley,77685,QB,S ALABAMA,12,75.4,350,374,8.6,2.43,8,20,5.1,63.6,238,0,117,9.8,424,26,156,288,73.7,76.0,76.1,60.3,8,10,443,5,17.9,99.4,5.0,21,28,1,7,25,15,3.4,2975,8.0
N'Kosi Perry,60446,QB,FAU,12,66.3,353,371,10.6,2.47,3,35,9.0,58.0,215,0,110,8.1,412,19,140,165,26.9,77.0,80.9,50.6,2,5,428,1,13.6,97.7,3.6,15,25,1,12,25,17,4.0,2710,7.3
Spencer Sanders,77660,QB,OKLA STATE,10,66.8,340,368,9.9,2.75,3,10,2.5,57.6,212,0,133,6.6,421,15,142,262,83.3,69.3,63.5,73.7,8,9,448,2,12.0,85.2,3.8,16,36,0,17,17,17,3.8,2641,7.2
Stetson Bennett,60387,QB,GEORGIA,12,75.7,345,366,9.1,2.53,4,19,5.0,66.9,245,0,69,6.1,385,16,157,173,46.7,84.6,81.9,68.0,3,6,399,1,13.0,101.5,2.3,9,9,1,13,16,10,2.5,3156,8.6
DJ Uiagalelei,122162,QB,CLEMSON,12,71.8,337,365,9.2,2.5,3,22,5.7,62.2,227,0,105,6.2,408,15,122,140,52.0,79.7,74.4,72.5,8,7,426,2,19.0,94.7,4.9,20,18,0,17,22,11,2.6,2510,6.9
Riley Leonard,143862,QB,DUKE,12,70.5,339,363,8.7,2.72,5,15,3.9,63.4,230,0,124,3.8,422,9,133,154,73.2,76.8,68.7,79.3,7,6,450,2,11.3,98.2,3.3,14,43,1,11,20,7,1.6,2778,7.7
Dorian Thompson-Robinson,83574,QB,UCLA,12,77.1,341,360,6.8,2.81,5,8,2.1,69.4,250,0,137,4.9,420,13,167,324,34.7,73.2,66.5,73.4,3,7,435,2,10.9,108.3,3.6,15,44,0,11,25,17,3.9,2873,8.0
Bryce Young,123943,QB,ALABAMA,11,77.3,326,359,9.6,3.02,1,20,5.2,64.1,230,0,132,8.7,405,22,160,103,57.5,91.0,90.8,67.6,11,5,429,4,12.1,109.6,4.0,16,29,0,21,27,9,2.1,3004,8.4
Spencer Rattler,97408,QB,S CAROLINA,12,78.5,317,356,7.5,2.82,1,20,5.3,66.0,235,0,138,5.6,421,14,116,289,32.1,67.6,68.5,52.5,4,11,445,4,18.8,91.8,6.2,26,32,0,34,16,19,4.3,2789,7.8
C.J. Stroud,129759,QB,OHIO STATE,12,71.8,344,356,10.6,2.87,2,25,6.6,65.7,234,0,80,5.3,379,13,154,260,65.3,84.3,85.1,52.2,0,6,401,4,12.5,123.5,2.6,10,12,1,9,37,15,3.7,3336,9.4
Grayson James,145214,QB,FIU,11,68.8,333,355,7.0,2.37,5,9,2.4,58.0,206,0,114,10.0,390,23,103,166,69.1,64.5,60.4,69.1,2,11,404,2,11.4,70.8,3.3,13,18,0,15,11,13,3.2,1958,5.5
Taulia Tagovailoa,97271,QB,MARYLAND,11,78.4,333,354,7.5,2.94,5,18,4.8,68.6,243,0,128,6.9,408,18,138,215,60.6,82.3,81.2,64.0,0,6,432,1,25.0,101.0,7.8,32,22,0,16,17,18,4.2,2780,7.9
Kurtis Rourke,97998,QB,OHIO,11,78.0,332,352,10.0,2.87,3,27,7.4,69.0,243,0,121,6.2,381,16,152,259,62.5,92.0,90.8,76.4,6,4,399,2,13.2,117.2,4.2,16,12,0,11,25,11,2.8,3261,9.3
Austin Aune,83528,QB,N TEXAS,12,66.0,335,351,11.9,2.54,2,25,6.8,57.3,201,0,86,9.0,374,20,140,251,65.9,76.6,75.9,59.3,1,11,395,1,12.8,103.2,2.9,11,10,2,11,31,18,4.6,3119,8.9
Ben Bryant,77655,QB,CINCINNATI,11,70.4,334,350,10.4,2.43,6,23,6.3,61.1,214,0,97,8.9,386,21,126,138,57.5,81.6,84.0,49.0,5,7,400,5,24.7,97.4,6.2,24,12,1,4,21,11,2.8,2744,7.8
Chase Brice,60363,QB,APP STATE,12,70.7,334,350,10.7,2.54,4,29,7.8,62.6,219,0,113,7.2,402,17,133,108,51.7,74.6,74.9,57.6,1,6,424,2,17.7,107.6,5.0,20,30,0,11,27,15,3.5,2922,8.3
Jayden Daniels,97993,QB,LSU,12,77.8,333,348,8.1,2.97,4,12,3.2,68.4,238,0,135,8.1,456,21,165,211,61.6,87.6,78.8,81.6,2,2,486,0,31.1,101.8,9.2,42,66,1,8,15,3,0.6,2566,7.4
Dillon Gabriel,86272,QB,OKLAHOMA,11,72.3,328,348,9.5,2.56,7,19,5.2,62.9,219,0,82,7.6,392,18,132,261,75.0,85.6,80.9,75.7,1,6,413,3,23.2,105.4,4.8,19,17,1,11,24,4,1.0,2933,8.4
James Blackman,60382,QB,ARK STATE,11,72.4,322,347,8.6,2.67,4,15,4.2,63.7,221,0,151,5.2,396,12,117,113,72.4,77.7,76.8,58.0,7,3,408,1,22.5,94.4,8.6,34,14,0,14,14,5,1.2,2452,7.1
Blake Shapen,122282,QB,BAYLOR,12,75.9,320,343,9.4,2.95,9,14,3.9,64.1,220,0,106,9.5,393,23,127,118,66.7,77.7,79.6,53.5,4,10,407,0,18.9,90.4,5.1,20,30,0,10,16,11,2.7,2593,7.6
Brady Cook,124199,QB,MISSOURI,12,74.9,319,341,8.4,2.63,2,17,4.8,64.8,221,0,108,7.5,399,18,121,229,64.9,75.7,68.2,77.0,1,7,415,3,21.3,91.0,5.8,23,32,3,16,13,17,4.1,2518,7.4
Tommy DeVito,60545,QB,ILLINOIS,12,78.0,323,335,7.5,2.54,0,10,2.8,69.6,233,0,86,7.5,375,19,133,187,73.8,84.5,81.1,70.5,2,4,399,0,24.4,99.8,5.6,21,17,0,10,15,6,1.5,2393,7.1
Grant Wells,97784,QB,VA TECH,11,72.5,302,333,8.4,2.76,9,14,3.9,58.9,196,0,121,10.5,384,23,103,337,70.8,66.1,64.1,63.5,1,9,408,3,24.8,76.1,7.8,30,21,0,21,9,11,2.7,2176,6.5
Max Duggan,99470,QB,TCU,12,78.0,309,333,9.1,2.72,11,15,4.3,66.4,221,0,117,8.3,376,20,135,305,63.5,84.3,80.0,75.0,1,3,392,4,19.7,121.1,6.1,23,19,1,11,29,10,2.6,3071,9.2
Brennan Armstrong,77696,QB,VIRGINIA,10,66.5,322,333,10.3,2.85,8,15,4.2,53.8,179,0,166,16.4,411,35,113,335,50.5,58.3,56.7,59.8,0,12,431,0,19.9,66.2,8.0,33,45,0,3,7,19,4.4,2185,6.6
Cameron Rising,77663,QB,UTAH,11,73.3,322,332,8.9,2.56,2,12,3.4,66.0,219,0,93,7.2,366,17,148,328,73.1,80.7,74.6,78.4,1,7,383,3,6.5,103.4,1.6,6,27,2,5,22,9,2.3,2630,7.9
Hendon Hooker,60593,QB,TENNESSEE,11,75.9,324,331,11.7,2.6,3,17,4.6,69.2,229,0,93,6.9,394,17,140,307,56.1,90.8,85.3,83.7,2,2,436,4,29.0,123.9,6.9,27,35,1,1,27,5,1.1,3135,9.5
Anthony Richardson,124393,QB,FLORIDA,12,64.3,294,330,11.5,3.18,2,19,5.5,53.0,175,0,142,7.4,378,14,131,163,55.9,80.3,70.7,84.8,7,9,398,4,9.2,84.3,3.4,13,32,2,25,17,13,3.3,2553,7.7
Sean Clifford,51708,QB,PENN STATE,12,76.3,299,330,8.5,2.82,6,12,3.4,63.6,210,0,122,7.9,368,18,131,266,66.4,77.4,75.6,62.9,5,7,389,0,12.3,100.6,4.1,15,22,0,20,22,9,2.3,2543,7.7
JT Daniels,83578,QB,W VIRGINIA,10,69.8,315,327,9.1,2.49,2,11,3.2,61.2,200,0,86,9.1,350,20,107,343,62.5,70.0,69.4,54.0,7,9,371,2,19.8,81.7,4.9,17,6,0,3,13,12,3.2,2107,6.4
Chandler Rogers,98683,QB,LA MONROE,12,79.4,306,325,7.1,2.56,8,7,2.0,67.4,219,0,160,9.9,426,24,116,209,29.1,71.8,70.5,65.2,3,7,450,3,25.0,95.5,9.4,40,59,3,5,15,10,2.2,2405,7.4
Jaxson Dart,146409,QB,OLE MISS,12,70.1,304,321,10.8,2.76,5,23,6.6,62.6,201,0,130,5.6,371,12,125,226,53.1,77.4,73.1,71.0,6,8,403,1,9.2,96.5,3.2,12,33,0,6,18,13,3.2,2613,8.1
Daniel Richardson,97103,QB,C MICHIGAN,11,66.6,305,319,8.5,2.42,6,11,3.2,56.1,179,0,98,11.8,349,24,102,134,63.0,62.7,60.4,66.3,1,5,375,0,20.4,84.2,5.7,20,9,0,7,15,12,3.2,2004,6.3
Chris Reynolds,60361,QB,CHARLOTTE,10,74.5,290,316,9.6,2.73,4,22,6.4,63.6,201,0,131,6.9,353,15,127,136,56.7,80.2,80.6,55.4,4,11,383,2,19.1,97.1,7.1,25,12,0,18,22,12,3.1,2525,8.0
Gavin Hardison,100827,QB,UTEP,10,64.6,291,316,12.0,2.96,6,22,6.5,51.9,164,0,103,12.8,359,24,102,330,56.9,70.9,68.9,63.5,3,8,380,2,21.4,73.4,6.1,22,19,1,15,11,17,4.5,2047,6.5
Kedon Slovis,100580,QB,PITTSBURGH,11,71.1,280,316,10.1,2.85,8,12,3.6,58.5,185,0,121,7.0,337,14,100,268,47.8,71.9,72.1,46.7,9,9,351,2,11.6,81.1,4.2,14,7,0,19,10,15,4.3,2394,7.6
Jordan Travis,77615,QB,FLORIDA ST,12,71.5,298,315,10.7,2.85,5,21,6.1,62.9,198,0,114,7.0,352,15,133,167,55.4,90.0,83.9,78.7,4,4,382,0,13.2,109.4,4.3,15,21,1,7,22,8,2.1,2790,8.9
Darren Grainger,78496,QB,GA STATE,12,69.8,285,299,11.7,2.94,5,17,5.2,58.5,175,0,129,12.1,382,24,125,175,48.3,77.7,73.5,71.4,4,7,412,3,27.1,95.0,9.2,35,47,1,4,18,17,4.1,2428,8.1
Gunnar Watson,83570,QB,TROY,11,72.5,273,293,9.2,2.68,6,13,4.3,61.4,180,0,119,9.1,336,18,109,318,30.1,83.4,82.7,56.9,7,10,350,2,24.4,84.1,8.6,29,13,0,7,10,13,3.7,2370,8.1
Jake Haener,60596,QB,FRESNO ST,8,80.1,281,291,8.4,2.64,1,14,4.5,72.9,212,0,96,5.8,321,13,118,169,69.8,90.1,89.2,67.6,1,3,340,3,20.8,112.9,6.2,20,9,2,6,17,7,2.1,2436,8.4
Michael Pratt,123229,QB,TULANE,11,78.5,265,289,8.9,2.7,4,12,4.0,64.7,187,0,101,10.1,347,21,120,319,71.2,87.9,79.6,82.1,8,4,358,2,22.8,108.7,6.6,23,31,1,11,21,7,2.0,2376,8.2
Graham Mertz,97994,QB,WISCONSIN,12,66.8,268,287,10.6,2.89,3,20,6.6,57.1,164,0,103,8.4,328,15,111,349,62.4,75.3,74.3,60.0,0,10,347,2,22.3,88.1,7.0,23,17,0,16,19,11,3.2,2125,7.4
Will Levis,83542,QB,KENTUCKY,11,75.6,266,286,8.6,2.58,4,7,2.3,65.0,186,0,127,7.5,336,15,118,202,57.9,68.6,65.8,64.8,2,10,357,3,26.8,99.1,10.1,34,15,0,14,19,13,3.6,2416,8.4
Todd Centeio,60552,QB,JAMES MAD,10,72.7,264,284,10.9,2.6,5,19,6.5,63.7,181,1,111,5.7,314,11,119,197,62.0,90.4,87.8,74.6,4,5,325,2,14.4,116.5,5.1,16,14,0,11,25,11,3.4,2682,9.4
Spencer Petras,82136,QB,IOWA,12,66.8,256,282,8.6,2.6,6,7,2.4,55.7,157,0,121,8.2,324,14,82,192,30.7,60.6,59.9,56.4,7,5,336,1,26.4,72.4,9.9,32,10,1,12,5,11,3.3,1717,6.1
Casey Thompson,77677,QB,NEBRASKA,10,74.8,258,278,11.0,2.77,1,21,7.1,62.2,173,1,125,10.4,317,20,107,238,46.9,82.7,79.2,71.4,10,10,335,6,16.0,95.4,6.3,20,19,0,9,17,16,4.8,2407,8.7
John Rhys Plumlee,97602,QB,UCF,11,75.7,263,273,8.3,2.83,4,19,6.4,64.8,177,0,87,11.1,317,22,108,323,59.0,86.0,78.4,78.5,3,7,342,2,21.8,95.0,6.0,19,23,1,2,13,17,5.0,2209,8.1
KJ Jefferson,99129,QB,ARKANSAS,10,76.6,261,273,9.1,3.05,5,12,4.2,67.8,185,0,108,7.5,325,15,120,111,54.3,88.0,83.3,75.2,0,4,341,2,22.2,115.4,7.4,24,27,1,6,22,7,2.1,2367,8.7
J.J. McCarthy,144918,QB,MICHIGAN,12,73.9,257,271,10.1,2.77,5,13,4.6,64.9,176,0,72,7.4,297,14,104,222,39.1,77.2,75.1,66.6,3,2,311,2,11.1,106.9,2.7,8,16,0,6,16,8,2.6,2220,8.2
Garrett Shrader,98212,QB,SYRACUSE,11,74.8,250,271,10.6,3.07,4,21,7.3,64.2,174,0,122,7.0,335,13,127,304,70.5,87.4,81.2,76.1,4,7,360,2,21.3,101.4,7.8,26,38,0,13,17,15,4.2,2320,8.6
Dequan Finn,97804,QB,TOLEDO,10,67.3,254,270,11.3,3.16,5,15,5.3,58.9,159,0,112,7.0,327,12,110,316,44.2,71.4,66.4,69.8,2,12,342,0,14.3,89.1,4.9,16,41,1,8,21,14,4.1,1976,7.3
TJ McMahon,83521,QB,RICE,10,68.4,247,268,10.8,2.57,11,11,3.9,59.3,159,0,121,5.9,311,10,100,275,71.2,74.3,67.7,78.3,5,14,334,2,20.7,84.8,8.0,25,17,1,4,18,13,3.9,2102,7.8
Collin Schlee,98025,QB,KENT STATE,11,72.8,246,268,11.4,2.82,10,17,5.9,59.3,159,0,77,11.2,315,20,116,201,43.8,88.4,81.9,79.3,0,5,336,3,23.4,92.8,5.7,18,29,0,12,13,8,2.4,2117,7.9
Ryan Hilinski,71295,QB,NWESTERN,8,63.6,247,259,8.6,2.64,5,5,1.9,55.6,144,2,62,8.3,267,13,75,256,68.4,50.0,47.7,66.0,3,7,277,5,6.5,71.4,1.5,4,3,0,4,6,17,6.1,1648,6.4
Nate Cox,60432,QB,NEVADA,10,61.7,240,256,9.7,2.59,3,11,4.0,52.7,135,0,107,8.8,284,13,73,239,28.7,55.9,55.8,56.5,5,5,300,1,12.1,68.7,4.6,13,14,2,6,5,13,4.3,1495,5.8
Drew Pyne,122910,QB,NOTRE DAME,11,73.8,237,254,8.0,2.94,9,16,6.0,64.6,164,0,87,6.3,294,11,109,258,44.9,69.1,72.0,47.9,1,6,307,1,17.2,108.1,5.1,15,25,0,7,22,6,2.0,2021,8.0
Doug Brumfield,128348,QB,UNLV,10,76.7,240,254,8.3,2.97,1,11,4.2,64.6,164,0,99,10.9,316,20,97,325,56.7,76.1,72.7,69.5,5,5,329,1,22.2,91.9,7.0,22,40,0,8,10,10,3.0,1893,7.5
Davis Brin,77642,QB,TULSA,9,67.6,238,252,12.4,2.6,2,15,5.5,58.7,148,0,99,8.1,294,13,101,320,42.8,71.4,68.1,73.8,9,8,313,2,30.3,95.7,10.2,30,12,0,3,17,16,5.1,2142,8.5
Robby Ashford,131702,QB,AUBURN,12,62.9,221,250,9.2,3.09,4,11,4.2,49.2,123,0,127,11.5,326,16,82,115,24.9,58.6,50.1,67.4,2,7,343,0,19.7,67.6,7.7,25,51,0,23,7,15,4.4,1613,6.5
Phil Jurkovec,83533,QB,BOSTON COL,8,69.9,226,249,8.7,3.01,5,8,3.1,59.0,147,0,127,7.0,293,11,76,121,44.2,58.8,54.7,68.7,4,8,303,4,18.9,81.3,8.2,24,19,0,14,11,12,4.0,1711,6.9
Quinn Ewers,127253,QB,TEXAS,9,65.2,233,249,10.6,2.45,4,17,6.6,56.2,140,0,59,7.9,268,12,95,311,39.0,67.0,66.0,55.0,2,6,278,1,13.6,86.5,3.0,8,6,0,10,13,12,4.3,1805,7.2
Tyler Van Dyke,122225,QB,MIAMI FL,9,75.8,231,249,8.7,2.52,6,13,4.8,62.7,156,0,77,10.9,276,19,84,220,68.2,66.8,67.7,49.6,2,5,296,0,15.6,89.8,4.3,12,11,0,10,10,11,3.7,1823,7.3
Ben Wooldridge,82115,QB,LA LAFAYET,10,73.8,214,246,8.4,2.68,10,10,3.9,56.1,138,0,94,12.7,274,20,73,207,52.7,70.7,69.4,61.8,5,5,286,1,11.7,88.7,4.0,11,17,0,17,15,9,3.1,1654,6.7
Andrew Peasley,83581,QB,WYOMING,11,62.4,221,245,9.4,2.99,6,9,3.5,51.4,126,0,77,8.7,280,12,72,351,47.9,51.3,39.7,78.0,3,8,290,2,19.5,67.2,5.4,15,19,0,15,9,20,6.9,1388,5.7
Grayson McCall,98002,QB,COAST CAR,9,79.0,233,244,9.8,2.8,0,16,6.3,68.9,168,0,87,8.7,288,16,110,141,65.1,90.1,90.4,65.2,3,1,304,1,19.5,126.0,5.9,17,24,0,8,21,4,1.3,2314,9.5
Taylor Powell,60459,QB,E MICHIGAN,8,75.1,221,240,8.5,2.74,5,10,3.9,65.4,157,0,82,5.4,269,9,81,160,68.6,69.6,70.0,56.7,1,7,288,2,24.4,95.2,7.4,20,8,0,13,14,10,3.5,1805,7.5
Clay Millen,146082,QB,COLO STATE,10,82.4,216,234,7.7,2.99,3,18,7.3,72.2,169,1,152,5.1,332,9,92,144,53.0,75.4,75.0,64.2,3,6,350,5,35.5,99.8,16.3,54,44,0,12,10,11,3.1,1909,8.2
Zion Turner,158636,QB,UCONN,12,71.4,217,232,6.7,2.71,5,5,2.0,60.3,140,0,81,9.7,286,15,68,146,40.5,53.1,51.0,54.8,3,7,304,1,23.5,75.0,6.6,19,33,0,7,9,11,3.6,1239,5.3
Donovan Smith,73929,QB,TEXAS TECH,10,72.6,208,222,8.5,2.73,3,6,2.6,65.8,146,0,92,3.3,255,5,80,315,55.1,68.3,65.1,65.8,2,8,264,2,19.6,88.2,7.1,18,15,0,9,12,11,4.2,1506,6.8
Johnathan Bennett,104158,QB,LIBERTY,11,68.5,200,221,11.0,2.96,5,13,5.5,57.9,128,0,105,6.6,285,9,88,206,34.1,58.0,59.6,53.4,3,9,300,2,22.9,80.5,8.4,24,35,1,12,12,18,6.0,1537,7.0
Cam Fancher,145266,QB,MARSHALL,11,67.0,197,219,7.4,2.65,6,5,2.2,55.7,122,0,71,7.6,257,10,73,214,59.1,62.1,54.5,70.4,1,5,270,2,19.7,78.2,5.4,14,24,1,14,8,8,3.0,1422,6.5
Malik Cunningham,60436,QB,LOUISVILLE,10,69.4,206,218,9.2,3.02,1,7,3.0,62.4,136,0,85,4.9,269,7,87,210,66.9,71.4,62.3,75.9,0,5,284,2,21.2,86.7,6.7,18,32,0,11,8,9,3.2,1567,7.2
Taylen Green,145996,QB,BOISE ST,9,70.5,200,215,11.1,3.0,1,8,3.5,63.3,136,0,62,3.5,229,5,86,120,63.3,83.2,73.6,85.1,2,4,240,1,8.1,99.0,2.2,5,9,2,10,12,11,4.6,1719,8.0
Parker McNeil,123714,QB,LA TECH,8,68.4,196,214,9.6,2.3,9,13,5.7,57.9,124,0,61,7.5,230,10,73,208,29.2,70.6,73.9,34.2,4,8,247,0,24.6,100.1,6.5,15,1,0,5,18,9,3.6,1914,8.9
Jack Salopek,130662,QB,W MICHIGAN,7,56.9,197,212,10.8,2.92,5,11,4.9,49.1,104,0,93,7.1,257,8,66,347,41.0,51.1,49.7,58.2,3,11,270,1,30.1,57.6,10.9,28,17,0,7,7,17,6.3,1285,6.1
Cooper Legas,101286,QB,UTAH ST,9,70.1,194,209,11.4,2.89,2,9,3.9,61.2,128,0,87,5.9,251,8,69,329,66.5,60.7,57.5,64.0,3,9,277,3,19.5,81.9,6.8,17,23,1,9,11,14,5.1,1465,7.0
J.T. Shrout,83562,QB,COLORADO,9,59.5,190,205,12.2,2.72,4,12,5.4,44.4,91,0,66,19.5,224,22,58,143,26.1,46.5,48.9,41.0,1,8,241,1,12.1,58.9,3.6,8,10,0,10,7,19,7.9,1216,5.9
Trenton Bourguet,97285,QB,ARIZONA ST,6,81.5,189,203,6.9,2.4,4,6,2.8,71.4,145,0,70,5.8,222,9,83,110,66.2,73.9,73.8,61.5,3,6,234,2,10.0,97.9,3.2,7,11,0,7,11,7,3.0,1490,7.3
AJ Swann,157186,QB,VANDERBILT,9,65.1,189,201,8.7,2.37,3,8,3.8,57.2,115,0,59,6.5,213,8,59,333,55.0,58.8,58.6,57.5,2,2,225,3,15.3,88.5,4.2,9,2,0,7,10,12,5.3,1270,6.3
Emory Jones,82111,QB,ARIZONA ST,8,73.8,187,200,8.9,2.64,4,7,3.2,62.5,125,0,90,9.4,241,13,76,110,59.8,68.5,67.1,63.3,4,4,264,3,23.3,89.4,8.7,21,19,1,4,7,7,2.7,1530,7.7
Jalen Mayden,83520,QB,S DIEGO ST,7,71.6,183,195,9.5,2.8,2,5,2.5,62.6,122,0,83,6.9,229,9,88,284,58.6,82.0,71.2,87.7,2,7,236,0,19.3,93.1,7.0,16,18,1,7,10,12,5.1,1721,8.8
Emmett Morehead,143834,QB,BOSTON COL,9,69.1,181,194,7.6,2.82,1,12,5.9,59.8,116,0,90,7.2,238,9,66,121,44.6,54.4,53.1,61.4,3,6,248,1,23.3,83.1,8.8,21,21,1,8,10,12,4.8,1253,6.5
Devin Leary,77628,QB,NC STATE,6,71.4,182,193,8.6,2.56,2,8,3.9,61.1,118,1,45,9.2,208,12,68,248,55.0,68.4,64.8,72.1,3,4,222,2,22.2,90.7,4.8,10,5,0,6,11,8,3.6,1265,6.6
Aveon Smith,130529,QB,MIAMI OH,9,58.4,178,191,12.1,2.87,5,5,2.5,48.7,93,0,71,10.6,240,11,61,221,68.3,56.6,38.2,85.3,1,5,253,3,26.8,72.2,7.9,19,29,0,7,9,13,5.1,1133,5.9
Dylan Hopkins,83571,QB,UAB,10,68.6,185,189,10.1,2.63,0,7,3.5,63.5,120,0,59,5.5,217,7,72,321,35.0,64.8,59.0,73.5,1,3,229,1,25.4,102.1,6.9,15,12,0,3,9,8,3.5,1719,9.1
Haynes King,124329,QB,TEXAS A&M,6,66.9,169,188,10.1,2.73,5,4,2.0,55.3,104,0,82,8.0,201,9,59,312,37.8,53.4,48.6,71.6,4,6,213,0,8.5,74.3,3.5,7,6,1,9,7,11,5.2,1220,6.5
Jeff Sims,122496,QB,GA TECH,7,67.6,179,188,8.4,2.55,2,5,2.6,58.5,110,0,79,9.1,228,11,58,176,63.4,62.0,52.0,74.3,3,3,236,0,22.8,77.7,7.9,18,22,0,4,5,10,4.2,1114,5.9
Adrian Martinez,83522,QB,KANSAS ST,9,75.3,170,186,8.2,2.99,6,5,2.6,64.5,120,0,94,6.3,216,8,62,199,42.9,85.7,69.7,87.6,2,1,223,1,14.9,92.5,6.5,14,16,0,8,6,7,3.1,1258,6.8
Zach Wilcke,156836,QB,SO MISS,8,62.7,166,177,9.0,2.48,1,4,2.1,57.1,101,0,67,2.9,207,3,55,296,28.6,38.4,40.9,44.4,4,9,221,1,20.9,72.6,6.8,14,16,0,6,9,15,6.8,1157,6.5
Jalon Daniels,122555,QB,KANSAS,8,70.4,169,176,9.2,2.55,3,10,5.3,65.3,115,0,56,3.4,192,4,80,198,61.9,76.4,76.7,63.6,1,2,205,0,7.1,111.2,2.1,4,12,0,3,13,6,2.9,1470,8.4
Ben Gulbranson,131734,QB,OREGON ST,9,73.1,160,175,9.3,2.82,6,4,2.1,62.9,110,0,70,6.0,199,7,66,265,47.7,60.5,60.0,57.0,1,5,214,1,14.3,88.2,5.0,10,14,0,8,8,7,3.3,1275,7.3
Behren Morton,144747,QB,TEXAS TECH,6,66.0,153,168,9.3,2.94,2,3,1.7,57.1,96,0,67,5.0,199,5,60,315,54.0,51.4,53.1,50.6,3,6,206,1,17.9,76.4,6.0,12,19,0,10,7,9,4.4,1117,6.6
Braylon Braxton,144442,QB,TULSA,9,72.7,143,163,11.5,2.94,2,15,8.8,56.4,92,0,68,11.5,186,12,52,320,68.2,82.7,79.9,71.8,2,2,196,2,17.6,93.4,6.5,12,11,0,16,10,5,2.6,1133,7.0
Gerry Bohanon,77636,QB,USF,7,68.0,153,162,9.5,2.4,1,9,5.4,56.8,92,0,44,11.5,176,12,53,327,59.9,81.6,73.8,78.0,2,6,181,2,6.8,73.9,1.7,3,10,0,6,6,8,4.4,1073,6.6
Diego Pavia,156927,QB,NEW MEX ST,11,65.1,152,161,11.4,2.84,1,9,5.2,52.2,84,0,82,15.2,189,15,65,242,72.7,80.2,64.0,88.5,2,5,203,1,9.8,88.4,4.2,8,20,0,6,11,6,3.0,1276,7.9
Brady Olson,147415,QB,UMASS,9,61.3,142,157,8.1,2.52,1,5,3.0,51.0,80,0,52,8.0,181,7,35,216,41.8,39.0,38.4,52.0,1,8,190,1,15.4,47.8,4.4,8,9,0,13,2,11,5.8,764,4.9
Chandler Fields,97286,QB,LA LAFAYET,7,67.8,146,156,9.0,2.74,3,9,5.6,56.4,88,1,57,11.1,177,11,54,207,76.0,65.8,64.0,64.4,3,4,183,1,19.3,85.1,6.2,11,10,0,4,10,7,3.8,949,6.1
Tanner Morgan,55239,QB,MINNESOTA,8,75.5,147,155,9.4,2.86,2,6,3.7,66.5,103,0,41,7.2,175,8,70,225,64.4,90.9,88.4,78.1,1,5,185,0,19.5,94.7,4.6,8,12,2,3,7,5,2.7,1324,8.5
Mike Wright,124366,QB,VANDERBILT,9,65.9,135,150,9.4,2.95,2,5,3.1,56.7,85,0,52,4.5,168,4,48,333,41.1,55.0,46.7,66.1,3,4,181,2,5.8,91.7,1.8,3,15,0,10,12,13,7.2,966,6.4
Shane Illingworth,71512,QB,NEVADA,6,71.2,132,146,8.2,2.78,4,6,3.9,58.2,85,0,68,9.6,177,9,34,239,50.5,61.2,63.0,48.5,1,3,183,0,30.9,68.3,11.9,21,9,0,9,2,7,3.8,760,5.2
Gavin Wimsatt,155757,QB,RUTGERS,8,56.8,132,145,11.0,2.96,1,3,2.0,44.1,64,0,56,14.7,166,11,35,278,65.0,47.7,45.3,59.9,2,7,174,2,23.2,51.6,7.8,13,7,0,10,5,8,4.6,743,5.1
Miles Kendrick,77673,QB,NEW MEXICO,8,69.3,127,143,6.8,2.98,2,3,2.0,58.0,83,0,81,5.7,197,5,41,241,78.7,37.8,34.4,55.4,3,7,206,2,32.1,62.0,13.2,26,22,1,10,3,10,4.9,856,6.0
Tyler Shough,83537,QB,TEXAS TECH,6,70.3,128,140,9.9,2.9,2,7,4.9,59.3,83,0,51,7.8,167,7,54,315,77.4,76.8,70.3,75.1,1,3,171,0,17.6,88.1,5.4,9,18,1,8,6,3,1.8,1050,7.5
Evan Simon,129906,QB,RUTGERS,8,67.2,128,137,9.9,2.57,0,4,2.7,57.7,79,0,59,8.1,153,7,39,278,61.9,53.2,50.6,63.6,3,6,162,1,18.6,65.3,7.2,11,5,0,6,4,7,4.3,777,5.7
Jason Bean,83529,QB,KANSAS,9,71.2,125,135,11.1,3.02,6,13,9.0,64.4,87,0,41,2.2,151,2,60,198,52.6,76.2,72.5,76.4,0,4,161,2,9.8,117.5,2.6,4,12,0,4,14,8,5.0,1280,9.5
Will Howard,122599,QB,KANSAS ST,5,70.2,121,132,9.9,2.79,0,9,6.7,62.9,83,0,46,2.4,136,2,56,199,50.9,78.0,75.6,67.2,1,2,139,0,6.5,119.6,2.2,3,1,0,10,13,7,5.0,1224,9.3
Conner Weigman,158683,QB,TEXAS A&M,5,66.7,120,132,9.8,2.84,3,6,4.3,55.3,73,0,58,8.8,157,7,46,312,29.1,63.6,60.5,67.4,6,0,164,1,15.5,96.7,5.7,9,16,0,3,8,10,6.1,896,6.8
Kaidon Salter,132046,QB,LIBERTY,7,66.7,120,130,13.5,3.49,3,4,2.8,57.7,75,0,66,6.3,166,5,55,206,24.0,47.6,47.1,54.8,3,5,177,0,19.7,84.2,7.8,13,23,0,4,7,13,7.3,1002,7.7
Henry Colombi,60583,QB,MARSHALL,7,77.4,124,129,4.9,2.59,1,2,1.5,72.9,94,0,54,2.1,171,2,45,214,24.5,46.5,48.2,47.0,1,4,180,1,37.0,95.6,11.7,20,20,1,2,6,6,3.3,935,7.2
Landry Lyddy,156581,QB,LA TECH,7,71.8,124,126,7.0,2.17,0,6,4.3,65.1,82,0,28,7.9,136,7,30,208,46.2,54.8,55.5,50.0,1,4,149,0,17.9,76.3,3.7,5,5,0,1,3,9,6.0,763,6.1
Brock Domann,102351,QB,LOUISVILLE,8,68.2,110,123,10.9,2.8,2,4,3.0,53.7,66,0,60,12.0,137,9,39,210,48.9,57.4,59.7,49.2,4,5,149,0,11.7,67.3,5.1,7,7,0,7,3,8,5.4,866,7.0
Ethan Hampton,145858,QB,N ILLINOIS,4,71.4,112,122,8.0,2.51,7,2,1.6,59.0,72,0,38,10.0,134,8,42,254,73.1,67.9,66.2,60.3,1,6,140,1,15.8,77.1,4.5,6,6,0,2,7,4,2.9,796,6.5
Jeff Undercuffler,78501,QB,AKRON,6,66.4,113,121,8.6,2.44,3,3,2.3,57.9,70,1,43,6.7,136,5,36,102,73.4,46.4,47.9,48.1,1,5,145,2,27.9,74.1,8.8,12,3,0,4,5,9,6.2,791,6.5
Logan Fife,128176,QB,FRESNO ST,5,78.1,114,121,6.8,2.65,0,3,2.3,69.4,84,0,42,5.6,144,5,46,169,36.2,62.5,60.6,61.1,1,6,153,0,28.6,76.1,8.3,12,10,1,5,2,7,4.6,908,7.5
Austin Smith,145763,QB,E MICHIGAN,7,70.8,106,121,9.3,2.74,5,4,3.0,57.0,69,0,53,8.0,143,6,42,160,44.4,65.5,62.7,64.9,2,4,155,2,18.9,79.2,7.0,10,12,1,7,6,5,3.2,779,6.4
Tucker Gleason,122475,QB,TOLEDO,8,61.7,107,118,11.4,2.83,2,7,5.6,46.6,55,0,67,16.7,144,11,44,316,49.2,68.7,65.4,68.0,5,3,152,1,16.4,82.3,7.6,11,15,0,4,8,3,2.0,832,7.1
Katravis Marsh,123289,QB,USF,5,62.9,105,116,10.2,2.29,6,6,4.8,52.6,61,0,31,7.6,127,5,40,327,45.2,59.6,60.9,53.2,0,2,135,1,19.4,88.8,4.7,6,5,0,5,7,6,4.4,835,7.2
Jake Garcia,143941,QB,MIAMI FL,8,67.3,107,116,10.3,2.55,4,5,4.0,59.5,69,0,48,4.2,137,3,38,220,44.1,38.7,37.5,61.8,3,4,146,3,31.3,80.7,10.9,15,6,0,2,5,10,6.8,809,7.0
Brett Gabbert,97404,QB,MIAMI OH,4,70.6,109,116,9.9,2.66,1,4,3.3,64.7,75,0,44,2.6,152,2,41,221,33.4,65.2,67.8,53.9,0,0,159,1,29.5,97.1,8.6,13,23,0,6,4,4,2.5,825,7.1
Gavin Frakes,156928,QB,NEW MEX ST,11,62.9,105,112,11.2,2.64,2,5,4.0,50.0,56,0,40,15.2,126,10,34,242,63.9,70.8,67.8,70.4,1,7,140,4,12.5,57.2,4.0,5,7,1,3,4,6,4.3,742,6.6
Chance Nolan,78493,QB,OREGON ST,5,73.6,106,111,12.1,2.81,2,8,6.6,59.5,66,0,35,15.4,121,12,46,265,74.7,79.8,80.1,63.7,0,8,131,2,5.7,78.0,1.7,2,8,0,3,7,6,4.6,942,8.5
Logan Bonner,39990,QB,UTAH ST,4,61.7,107,110,11.6,2.45,0,8,6.7,56.4,62,0,20,6.1,115,4,33,329,43.7,59.1,61.3,45.9,0,8,124,0,10.0,64.9,1.7,2,3,0,3,6,8,6.5,739,6.7
Hudson Card,123109,QB,TEXAS,6,74.8,103,109,9.9,2.79,0,0,0.0,68.8,75,0,39,2.6,124,2,44,311,57.8,70.1,67.8,66.8,2,1,136,2,17.9,109.4,5.6,7,8,0,4,6,2,1.5,928,8.5
Treyson Bourguet,158154,QB,W MICHIGAN,4,60.6,104,109,12.0,2.7,4,8,7.0,49.5,54,0,45,14.3,131,9,30,347,63.6,67.4,59.9,73.3,0,1,140,0,22.2,68.6,7.6,10,12,0,1,2,6,4.3,601,5.5
Zach Gibson,100201,QB,GA TECH,6,62.2,98,104,7.6,2.8,2,7,6.4,54.8,57,0,46,6.6,125,4,30,176,42.8,54.5,59.7,39.8,0,2,131,0,26.1,66.5,9.6,12,9,0,4,1,5,3.8,589,5.7
Trey Lowe,77669,QB,SO MISS,6,67.0,94,103,11.4,2.78,0,7,6.3,53.4,55,0,59,12.7,123,8,36,296,74.4,71.4,71.5,58.4,6,2,131,0,22.0,80.4,10.6,13,7,0,3,3,3,2.3,795,7.7
Nevan Cremascoli,158044,QB,N ILLINOIS,4,54.3,94,103,9.6,2.77,1,2,1.9,47.6,49,0,43,3.9,111,2,35,254,54.8,42.4,38.5,59.2,2,7,115,1,4.7,53.9,1.8,2,6,0,6,5,10,8.7,600,5.8
Athan Kaliakmanis,144971,QB,MINNESOTA,9,60.0,95,102,13.3,2.86,1,4,3.7,52.0,53,0,47,7.0,121,4,39,225,75.7,73.4,66.9,73.0,2,4,126,0,12.8,74.2,5.0,6,13,0,4,3,4,3.2,866,8.5
Jacob Zeno,98014,QB,UAB,6,67.8,90,101,9.4,2.69,0,4,3.8,55.4,56,0,34,8.2,116,5,38,321,45.3,60.6,59.5,58.7,3,3,121,1,14.7,80.2,4.3,5,9,3,5,5,6,5.0,674,6.7
Owen McCown,157688,QB,COLORADO,4,67.4,95,100,8.1,2.78,3,5,4.7,57.0,57,0,45,10.9,120,7,23,143,42.4,55.0,52.8,62.3,0,2,128,1,22.2,73.1,8.3,10,10,0,2,2,7,5.5,605,6.1
Brendan Sullivan,145034,QB,NWESTERN,5,82.4,91,96,6.4,3.21,1,4,4.0,74.0,71,0,47,5.3,132,4,34,256,36.0,58.9,61.7,53.9,2,3,135,0,27.7,90.1,9.8,13,23,0,2,4,6,4.4,589,6.1
Tai Lavatai,121854,QB,NAVY,8,52.3,86,96,15.7,2.61,1,7,7.1,43.8,42,0,43,6.7,109,3,28,237,28.5,62.3,61.3,60.3,2,3,112,7,11.6,77.0,4.6,5,8,6,1,5,6,5.4,787,8.2
Hank Bachmeier,101284,QB,BOISE ST,4,63.6,88,94,9.8,2.67,1,6,6.1,54.3,51,1,39,8.9,106,5,27,120,26.6,48.5,47.5,55.7,1,3,112,1,17.9,77.3,6.6,7,4,0,4,6,7,6.3,497,5.3
Haden Carlson,123620,QB,FIU,7,63.9,83,90,10.0,2.3,2,4,4.3,53.3,48,0,35,9.4,95,5,27,166,42.4,50.2,55.3,44.1,0,5,98,2,8.6,64.2,3.2,3,2,1,4,4,8,8.2,562,6.2
Joey Yellen,71430,QB,HAWAII,4,55.1,78,87,8.7,2.36,3,0,0.0,46.0,40,0,30,7.0,94,3,16,180,51.5,32.2,32.2,,1,2,95,1,23.3,46.3,7.4,7,0,0,5,0,5,5.3,324,3.7
MJ Morris,157404,QB,NC STATE,5,68.3,82,87,13.0,2.73,1,6,6.1,59.8,52,1,29,7.1,100,4,30,248,65.9,65.6,69.9,56.5,1,1,114,2,31.0,105.0,9.0,9,4,1,2,7,4,3.5,648,7.4
Garret Rangel,157795,QB,OKLA STATE,3,67.9,78,84,8.9,2.5,0,2,2.3,53.6,45,0,30,15.1,96,8,24,262,39.7,56.3,66.0,34.3,0,3,101,0,20.0,63.7,6.3,6,5,0,6,2,1,1.0,482,5.7
Mikey Keene,70961,QB,UCF,4,77.8,81,83,10.1,2.78,0,6,7.1,72.3,60,0,18,4.8,89,3,32,323,25.9,73.8,81.8,38.3,0,1,91,0,22.2,113.9,4.5,4,2,0,2,6,3,3.3,647,7.8
Zach Pyron,156309,QB,GA TECH,3,66.3,80,83,8.1,2.61,1,3,3.3,59.0,49,0,40,7.5,100,4,31,176,60.2,56.7,48.0,71.5,2,3,108,0,17.5,76.8,7.0,7,10,0,0,3,7,6.5,569,6.9
Garrett Greene,123420,QB,W VIRGINIA,6,68.7,67,78,10.2,2.69,5,2,2.4,55.1,43,1,23,6.5,88,3,25,343,78.9,70.2,51.0,84.4,1,3,99,5,17.4,79.7,4.5,4,6,0,5,5,5,5.1,493,6.3
Haaziq Daniels,125263,QB,AIR FORCE,12,58.3,72,77,15.5,3.46,1,5,6.0,45.5,35,0,35,16.7,95,7,29,101,50.4,82.1,66.5,80.3,0,2,102,3,31.4,95.1,11.6,11,6,1,3,6,4,3.9,739,9.6
Ben Finley,122864,QB,NC STATE,2,65.7,70,77,8.9,2.44,1,1,1.3,55.8,43,0,21,6.5,81,3,25,248,71.6,60.2,59.2,61.0,0,1,84,1,14.3,81.7,3.7,3,1,1,5,3,2,2.4,472,6.1
Gino Campiotti,78504,QB,UMASS,6,67.2,67,74,9.2,2.81,3,4,5.2,44.6,33,0,25,26.7,85,12,16,216,52.6,64.9,54.6,67.2,1,6,88,0,16.0,29.2,4.7,4,7,0,3,2,6,6.8,261,3.5
Rocky Lombardi,60452,QB,N ILLINOIS,4,75.3,73,74,11.1,2.79,0,7,8.9,66.2,49,0,20,10.9,80,6,31,254,72.1,90.9,90.8,61.6,1,1,85,0,10.0,110.3,2.5,2,3,0,0,5,2,2.4,642,8.7
Braxton Burmeister,60513,QB,S DIEGO ST,6,63.1,65,72,7.7,3.28,0,1,1.4,50.0,36,0,29,12.2,89,5,20,284,60.4,52.2,44.5,60.7,1,3,90,0,20.7,50.9,6.7,6,11,0,6,2,4,4.4,263,3.7
Max Johnson,124099,QB,TEXAS A&M,4,72.3,65,71,8.2,2.94,0,1,1.3,60.6,43,0,46,8.5,94,4,26,312,55.6,60.6,57.1,66.0,3,0,100,1,23.9,97.0,11.7,11,11,0,3,3,2,2.0,517,7.3
Devin Kargman,156913,QB,KENT STATE,6,56.5,62,70,10.5,2.33,4,1,1.3,41.4,29,0,18,17.1,73,6,16,201,72.2,45.7,47.9,39.8,2,3,78,0,16.7,53.8,4.1,3,0,0,2,3,3,3.8,348,5.0
Xavier Williams,145579,QB,CHARLOTTE,4,55.7,61,67,9.7,3.07,3,2,2.8,49.3,33,0,31,2.9,82,1,18,136,74.1,56.3,48.5,70.8,1,2,88,1,16.1,66.8,6.1,5,9,0,2,2,3,3.4,421,6.3
Jack Chambers,60359,QB,NC STATE,6,65.0,60,64,7.7,2.78,1,1,1.5,50.0,32,1,24,17.9,78,7,15,248,45.1,54.1,47.9,62.5,2,0,80,1,25.0,65.4,7.7,6,7,0,1,1,2,2.5,252,3.9
Calvin Brownholtz,83584,QB,UTEP,6,65.0,60,63,12.2,2.69,0,3,4.5,58.7,37,1,18,5.1,68,2,26,330,58.8,73.9,57.0,89.3,1,4,71,2,16.7,79.6,4.4,3,2,0,2,4,4,5.6,512,8.1
Jarret Doege,60353,QB,TROY,6,77.6,58,63,8.7,2.75,0,3,4.2,68.3,43,1,30,4.4,76,2,26,318,52.3,72.9,75.7,50.2,1,3,84,1,26.7,103.2,10.5,8,4,0,4,5,3,3.6,569,9.0
Matthew Downing,82120,QB,LA TECH,4,72.2,54,62,6.9,2.69,0,2,3.0,51.6,32,0,29,17.9,79,7,16,208,49.7,59.2,63.2,48.9,1,4,84,2,24.1,57.6,8.9,7,10,0,7,3,4,4.8,346,5.6
Jase Bauer,145714,QB,C MICHIGAN,6,69.8,53,60,9.1,3.1,0,2,2.9,56.7,34,0,41,8.1,83,3,25,134,46.8,63.4,58.6,65.9,4,5,94,1,14.6,49.1,7.2,6,17,1,2,1,7,7.4,417,7.0
Harrison Bailey,124266,QB,UNLV,5,62.1,58,59,9.2,2.72,0,1,1.7,54.2,32,0,24,11.1,73,4,16,325,71.5,47.9,44.5,65.7,0,1,74,1,29.2,74.1,9.6,7,7,0,1,2,1,1.4,320,5.4
Justin Holaday,163350,QB,NEW MEXICO,4,52.6,57,59,10.8,3.18,0,0,0.0,44.1,26,0,39,13.3,84,4,15,241,42.8,45.2,40.9,57.3,0,1,88,0,30.8,47.4,14.3,12,13,0,2,0,5,5.7,222,3.8
Drew Allar,164157,QB,PENN STATE,9,72.7,55,59,8.7,2.77,3,3,4.8,59.3,35,0,19,12.5,70,5,25,266,73.3,72.6,67.4,71.4,0,0,75,0,15.8,98.4,4.3,3,8,0,1,4,0,0.0,344,5.8
Joe Milton III,82151,QB,TENNESSEE,7,67.9,53,54,19.5,3.08,0,7,11.5,63.0,34,0,11,5.6,57,2,22,307,71.7,86.1,79.7,80.7,0,0,65,0,0.0,146.2,0.0,0,3,0,1,7,2,3.1,720,13.3
T.J. Finley,124093,QB,AUBURN,4,72.3,47,53,10.4,2.99,2,4,7.3,62.3,33,0,30,2.9,70,1,26,115,22.0,53.5,52.0,58.9,0,4,72,2,20.0,62.7,8.6,6,11,0,4,1,7,9.7,431,8.1
CJ Montes,146114,QB,NEW MEXICO,4,70.7,41,52,7.5,2.51,1,1,1.9,51.9,27,0,31,6.9,62,2,8,241,73.8,47.2,45.7,57.9,2,1,63,2,22.6,51.3,11.3,7,3,0,8,0,1,1.6,174,3.3
Jalen Milroe,146590,QB,ALABAMA,7,65.3,49,52,8.4,3.22,1,0,0.0,59.6,31,0,20,3.1,69,1,27,103,25.7,49.2,30.7,76.5,0,3,77,0,25.0,83.6,7.2,5,12,0,2,5,8,10.4,297,5.7
Evan Prater,123576,QB,CINCINNATI,6,66.7,45,51,8.7,3.35,2,1,1.9,54.9,28,0,24,6.7,62,2,20,138,58.2,73.2,66.5,70.5,2,1,65,0,20.8,67.4,8.1,5,6,0,2,0,0,0.0,340,6.7
Byrum Brown,156206,QB,USF,4,79.6,49,50,6.5,2.71,1,0,0.0,72.0,36,0,14,7.7,63,3,23,327,36.3,72.6,65.7,72.9,0,1,70,1,42.9,121.8,9.5,6,6,0,0,5,3,4.3,416,8.3
Carlos Del Rio-Wilson,146687,QB,SYRACUSE,6,55.3,47,50,14.6,3.16,1,3,5.6,44.0,22,0,25,15.4,70,4,15,304,32.7,52.2,50.2,61.3,0,1,75,1,44.0,65.6,15.7,11,9,0,2,1,5,6.7,342,6.8
Tyler Buchner,147472,QB,NOTRE DAME,2,59.6,47,50,10.7,2.6,2,4,7.5,56.0,28,0,19,0.0,59,0,16,258,74.5,64.8,56.9,70.8,1,2,63,0,26.3,63.6,8.5,5,4,0,0,0,2,3.2,378,7.6
Cameron Friel,146195,QB,UNLV,4,75.0,48,49,6.8,2.61,0,2,3.9,67.3,33,0,17,8.3,59,3,17,325,26.0,50.5,56.8,36.1,0,1,61,1,52.9,101.1,15.3,9,1,0,1,3,4,6.6,364,7.4
Preston Stone,124716,QB,SMU,5,71.1,45,48,11.6,2.72,1,4,7.7,58.3,28,0,13,12.5,52,4,17,287,72.9,72.3,65.9,73.5,0,1,56,0,15.4,89.6,3.8,2,2,0,2,2,2,3.6,388,8.1
Noah Vedral,55406,QB,RUTGERS,3,54.8,42,47,10.7,2.89,0,2,4.0,46.8,22,0,17,4.3,53,1,12,278,73.9,52.8,51.8,58.6,1,1,56,1,11.8,62.7,3.8,2,4,0,4,1,2,3.6,264,5.6
Chubba Purdy,122412,QB,NEBRASKA,6,59.1,44,47,10.0,3.29,1,2,4.2,46.8,22,0,32,15.4,64,4,11,238,43.1,33.3,27.4,69.3,0,3,65,1,18.8,27.5,9.4,6,11,0,2,0,8,12.3,147,3.1
Cade Ballard,102861,QB,ARMY,7,52.3,44,46,15.5,2.46,1,3,6.1,43.5,20,0,23,13.0,52,3,12,114,63.4,55.3,44.5,65.6,1,2,55,0,17.4,67.6,7.7,4,2,0,0,2,4,7.3,363,7.9
Jacurri Brown,156344,QB,MIAMI FL,5,69.8,43,46,6.6,2.82,1,0,0.0,58.7,27,0,23,10.0,62,3,15,220,79.3,72.4,49.5,79.9,1,3,64,2,21.7,66.4,8.1,5,11,0,1,3,2,3.1,230,5.0
Nicholas Vattiato,145302,QB,MIDDLE TN,2,72.7,44,46,9.8,2.7,0,1,2.0,63.0,29,0,28,9.4,65,3,15,224,13.7,34.3,31.6,54.9,0,1,68,1,28.6,71.7,12.3,8,10,0,2,0,7,10.3,289,6.3
Billy Edwards Jr.,144185,QB,MARYLAND,6,68.3,41,45,10.2,3.19,0,3,6.3,60.0,27,0,30,3.6,63,1,14,215,20.6,74.1,65.1,73.8,0,0,68,0,30.0,98.7,14.3,9,9,0,4,3,2,2.9,263,5.8
Cole Freeman,145032,QB,NWESTERN,3,54.8,42,45,9.5,3.18,0,0,0.0,48.9,22,0,20,4.3,54,1,11,256,17.4,28.1,27.0,51.8,0,5,57,0,15.0,19.7,5.6,3,6,0,3,0,7,12.3,178,4.0
Jarrett Guest,97997,QB,COAST CAR,5,58.5,41,44,12.3,2.8,1,3,6.4,45.5,20,0,24,16.7,61,4,15,141,50.5,44.3,39.1,61.3,0,4,65,1,33.3,38.5,13.1,8,9,0,2,1,4,6.2,305,6.9
Alex Padilla,86285,QB,IOWA,2,62.9,35,43,7.8,3.04,1,1,2.3,48.8,21,0,23,4.5,48,1,8,192,18.9,32.5,36.6,40.5,2,2,48,0,21.7,47.9,10.4,5,0,0,5,1,4,8.3,173,4.0
Billy Atkins,148354,QB,JAMES MAD,3,56.8,37,43,11.2,2.74,1,1,2.3,44.2,19,0,28,9.5,52,2,9,197,43.9,32.8,29.1,64.5,3,5,53,0,28.6,35.4,15.4,8,1,0,2,2,6,11.3,212,4.9
Garrett Nussmeier,146757,QB,LSU,5,69.0,42,42,7.3,2.16,0,1,2.3,61.9,26,0,4,10.3,42,3,13,211,70.5,56.1,54.1,60.8,0,2,43,0,0.0,74.8,0.0,0,0,0,0,1,2,4.7,333,7.9
AJ Padgett,163006,QB,RICE,2,64.9,37,41,9.5,2.56,1,0,0.0,51.2,21,0,11,12.5,47,3,12,275,20.1,44.5,60.1,35.4,0,1,47,1,27.3,85.7,6.4,3,3,0,3,2,2,4.3,343,8.4
Mitch Griffis,123386,QB,WAKE,5,81.6,38,41,10.1,2.89,2,3,7.0,70.7,29,0,14,6.5,52,2,19,339,26.3,71.6,77.9,50.8,0,1,55,0,35.7,125.8,9.6,5,6,0,1,5,2,3.6,348,8.5
Gunnar Gundy,144649,QB,OKLA STATE,3,60.5,38,39,9.8,2.67,0,1,2.5,48.7,19,0,16,17.4,47,4,9,262,74.4,52.0,40.9,68.5,0,4,49,0,18.8,55.7,6.4,3,4,0,1,3,4,8.2,252,6.5
Shawqi Itraish,145393,QB,RICE,3,65.7,35,39,7.9,2.45,2,0,0.0,53.8,21,0,14,8.7,43,2,11,275,69.8,46.3,46.8,53.0,1,3,45,1,14.3,35.1,4.7,2,2,0,1,0,4,8.9,189,4.8
Bryson Barnes,131845,QB,UTAH,4,77.1,35,38,8.5,2.75,2,3,7.1,71.1,27,0,10,0.0,46,0,14,328,72.1,83.1,74.6,77.7,0,1,50,0,10.0,111.5,2.2,1,7,0,1,3,1,2.0,318,8.4
AJ Mayer,63860,QB,ARK STATE,4,63.6,33,38,10.0,2.59,2,1,2.5,50.0,19,0,14,9.5,42,2,10,113,77.4,72.9,58.9,76.6,2,1,44,1,7.1,73.8,2.4,1,3,0,1,2,1,2.3,214,5.6
Garrett Dzuro,64526,QB,UMASS,4,64.9,37,38,8.9,2.68,0,1,2.5,63.2,24,0,16,0.0,49,0,15,216,51.9,48.9,38.7,68.1,0,0,51,1,50.0,97.3,16.3,8,3,0,1,1,5,9.8,308,8.1
Dexter Williams II,129457,QB,INDIANA,4,44.1,34,38,13.4,3.4,1,2,5.0,34.2,13,0,28,13.3,57,2,11,190,61.5,59.4,47.4,67.6,0,2,59,0,28.6,46.4,14.0,8,11,0,3,2,1,1.7,184,4.8
Jemel Jones,102863,QB,ARMY,7,41.2,34,38,16.5,2.59,0,2,5.1,34.2,13,0,17,7.1,43,1,8,114,68.1,65.6,43.2,73.7,0,1,44,0,23.5,55.6,9.3,4,0,0,4,1,2,4.5,248,6.5
Brayden Fowler-Nicolosi,157207,QB,COLO STATE,2,55.9,34,37,8.0,2.78,0,2,5.3,45.9,17,0,15,10.5,42,2,9,144,69.2,54.9,50.5,67.3,0,2,43,0,13.3,48.7,4.8,2,3,0,3,1,3,7.0,194,5.2
Camden Orth,108965,QB,BOWL GREEN,6,61.8,34,35,9.1,2.46,0,0,0.0,57.1,20,0,14,4.8,41,1,11,122,41.9,37.9,32.5,58.4,1,2,43,0,21.4,67.2,7.3,3,3,0,0,2,2,4.7,187,5.3
Bishop Davenport,163426,QB,UTAH ST,2,57.6,33,33,12.0,2.55,0,0,0.0,54.5,18,0,15,5.3,52,1,11,329,48.9,48.3,50.2,52.3,0,1,53,1,46.7,52.3,13.5,7,9,0,0,0,2,3.8,138,4.2
CJ Harris,130594,QB,OHIO,4,53.3,30,33,10.4,2.87,0,1,2.9,45.5,15,0,12,6.3,36,1,9,259,50.1,64.2,55.4,68.7,2,0,38,0,8.3,79.1,2.8,1,2,0,1,1,0,0.0,230,7.0
Giles Pooler,146019,QB,COLO STATE,1,44.8,29,32,12.9,2.75,1,0,0.0,34.4,11,0,17,15.4,37,2,6,144,43.9,33.1,33.3,53.8,1,1,42,0,17.6,36.5,8.1,3,2,0,1,0,4,9.5,144,4.5
Austin Burton,60577,QB,PURDUE,2,86.2,29,32,4.9,2.71,0,0,0.0,75.0,24,0,9,4.0,35,1,12,273,44.3,69.5,70.4,60.2,0,1,38,0,11.1,108.7,2.9,1,2,0,3,3,1,2.6,199,6.2
Tate Rodemaker,122414,QB,FLORIDA ST,6,70.4,27,32,12.6,3.29,2,2,5.4,56.3,18,0,21,5.3,38,1,11,167,41.0,73.0,68.1,70.4,0,2,43,2,19.0,76.8,10.5,4,2,0,3,2,4,9.3,254,7.9
Carson Beck,124010,QB,GEORGIA,5,80.6,31,31,7.2,2.34,0,2,6.1,74.2,23,0,5,8.0,34,2,14,173,23.9,72.3,86.2,38.3,0,0,36,0,0.0,131.3,0.0,0,2,0,0,3,0,0.0,261,8.4
Davis Beville,99588,QB,OKLAHOMA,3,57.1,28,30,10.9,2.94,1,0,0.0,50.0,15,0,8,6.3,36,1,6,261,73.7,54.2,50.1,59.3,0,1,37,0,75.0,44.0,16.7,6,0,0,1,0,1,2.7,102,3.4
D'Wan Mathis,99130,WR,TEMPLE,3,68.0,25,30,6.2,2.59,2,1,3.3,46.7,14,0,15,17.6,35,3,5,306,24.1,47.3,54.5,36.2,0,0,35,2,20.0,58.3,8.6,3,2,0,3,0,0,0.0,125,4.2
Jack Turner,162969,QB,LA TECH,2,69.2,26,29,8.5,2.54,1,0,0.0,55.2,16,0,16,11.1,35,2,11,208,69.1,50.3,43.3,70.2,1,2,35,0,18.8,53.2,8.6,3,3,0,1,1,2,5.7,156,5.4
Kaiya Sheron,62530,QB,KENTUCKY,2,70.4,27,29,7.3,2.69,1,1,3.3,58.6,17,0,13,10.5,37,2,8,202,70.6,70.3,68.7,63.4,0,1,38,0,46.2,86.4,16.2,6,1,0,1,2,0,0.0,187,6.4
Justin Lynch,144392,QB,N ILLINOIS,4,58.3,24,29,8.8,2.8,2,0,0.0,44.8,13,0,8,7.1,33,1,6,254,49.8,62.6,56.5,63.0,1,0,33,0,12.5,60.4,3.0,1,3,0,2,0,0,0.0,146,5.0
Jayden Clemons,100571,QB,WYOMING,3,55.2,29,29,14.9,2.65,0,2,6.9,41.4,12,0,7,25.0,30,4,8,351,73.9,50.6,48.3,59.6,0,3,30,1,0.0,29.3,0.0,0,1,0,0,1,3,10.0,145,5.0
Cade Fortin,77620,QB,ARKANSAS,3,61.5,26,29,9.5,2.55,0,2,6.9,48.3,14,0,11,12.5,33,2,7,111,29.9,60.6,56.9,66.5,1,0,33,0,27.3,73.2,9.1,3,1,0,2,1,1,3.0,135,4.7
James Foster,83563,QB,CHARLOTTE,5,52.0,25,28,11.0,3.44,0,2,5.9,42.9,12,0,13,7.7,36,1,8,136,39.5,52.4,54.1,51.4,1,1,42,0,23.1,72.0,8.3,3,5,0,2,2,2,4.8,170,6.1
Ethan Garbers,131896,QB,UCLA,4,81.5,27,28,7.1,2.36,1,0,0.0,71.4,20,0,2,9.1,30,2,12,324,29.7,49.4,45.3,63.1,0,1,31,0,50.0,108.5,3.3,1,1,0,0,2,3,9.7,255,9.1
Maddox Kopp,144251,QB,COLORADO,1,65.4,26,28,9.2,2.61,0,2,6.7,53.6,15,0,11,11.8,31,2,8,143,69.5,74.6,69.7,72.2,0,0,33,0,9.1,76.9,3.2,1,1,0,2,1,1,3.0,123,4.4
Cade McNamara,101620,QB,MICHIGAN,3,77.3,22,26,5.9,2.46,0,0,0.0,53.8,14,0,13,17.6,30,3,7,222,68.2,48.0,46.9,,0,1,30,0,30.8,72.6,13.3,4,0,1,3,1,1,3.3,180,6.9
Malik Hornsby,123957,QB,ARKANSAS,5,52.2,23,26,9.5,3.65,1,1,3.7,46.2,12,0,19,0.0,41,0,12,111,28.4,56.0,41.5,67.0,2,2,42,1,26.3,60.6,12.2,5,9,0,0,1,4,9.5,245,9.4
Chandler Morris,122938,QB,TCU,2,80.8,26,26,5.8,2.5,0,0,0.0,69.2,18,0,5,14.3,28,3,8,305,71.1,64.6,73.1,50.8,0,0,29,2,0.0,95.8,0.0,0,2,0,0,1,0,0.0,145,5.6
Artur Sitkowski,83547,QB,ILLINOIS,3,79.2,24,25,4.7,2.29,0,1,3.8,72.0,18,0,3,5.3,26,1,5,187,71.0,61.6,56.1,66.2,0,1,27,1,0.0,63.9,0.0,0,1,0,1,0,1,3.7,111,4.4
Eddie Lee Marburger,145511,QB,UTSA,6,52.2,23,25,12.3,2.75,0,1,3.6,40.0,10,0,9,16.7,29,2,8,331,20.8,54.1,41.8,75.0,1,0,32,0,22.2,65.4,6.9,2,2,0,1,1,2,6.3,100,4.0
Brendon Lewis,131687,QB,COLORADO,2,71.4,21,24,3.9,3.2,1,1,4.0,62.5,15,0,14,0.0,32,0,5,143,31.9,51.8,52.0,58.5,1,0,33,1,14.3,70.1,6.3,2,6,0,1,0,2,6.1,92,3.8
Kai Horton,144418,QB,TULANE,3,63.6,22,23,14.7,2.56,0,0,0.0,56.5,13,0,7,7.1,26,1,9,319,25.7,47.2,42.2,64.5,0,0,27,0,42.9,118.7,11.5,3,0,0,1,3,2,7.4,165,7.2
Kyron Drones,144506,QB,BAYLOR,3,70.0,20,22,12.6,3.4,0,3,12.5,63.6,14,0,8,0.0,25,0,13,118,70.6,71.5,72.8,60.0,0,1,27,0,0.0,92.8,0.0,0,3,0,2,1,1,3.7,219,10.0
Cade Klubnik,156253,QB,CLEMSON,6,60.0,20,22,7.4,3.45,0,1,3.8,50.0,11,0,9,8.3,26,1,6,140,73.0,60.9,50.8,69.2,0,1,31,0,22.2,58.5,7.7,2,2,0,2,1,2,6.5,98,4.5
Kevin Jennings,158272,QB,SMU,3,77.3,22,22,6.6,2.05,0,2,8.3,77.3,17,0,4,0.0,25,0,11,287,29.7,64.3,70.0,49.2,0,0,27,0,25.0,120.5,4.0,1,2,0,0,1,2,7.4,205,9.3
Jake Lange,121467,QB,SO MISS,4,60.0,20,21,11.7,2.45,1,1,4.2,52.4,11,0,11,8.3,25,1,6,296,19.2,48.9,53.4,46.3,0,1,28,0,27.3,47.7,12.0,3,1,0,0,0,2,7.1,110,5.2
Gunnar Holmberg,77625,QB,FIU,1,73.7,19,21,6.7,2.76,0,0,0.0,66.7,14,0,10,0.0,27,0,7,166,28.6,53.8,51.9,60.4,0,0,31,0,10.0,93.9,3.7,1,5,1,1,1,2,6.7,103,4.9
Nick Patti,77614,QB,PITTSBURGH,1,56.3,16,20,8.9,2.8,1,0,0.0,45.0,9,0,12,0.0,24,0,4,268,68.9,62.2,63.5,60.9,0,0,25,1,16.7,72.7,8.3,2,2,0,3,1,0,0.0,79,4.0
Ty Thompson,146568,QB,OREGON,5,77.8,18,20,3.3,2.0,2,0,0.0,55.0,11,0,1,21.4,21,3,5,264,70.4,53.9,55.1,53.7,0,2,24,0,0.0,23.3,0.0,0,0,0,0,0,0,0.0,72,3.6
Kyle McCord,145053,QB,OHIO STATE,6,84.2,19,20,4.1,2.25,0,0,0.0,80.0,16,0,4,0.0,20,0,8,260,69.7,73.4,76.5,55.8,1,0,20,0,0.0,122.9,0.0,0,0,0,0,1,0,0.0,190,9.5
Noah Kim,129623,QB,MICH STATE,4,88.2,17,19,10.4,2.79,0,2,10.0,73.7,14,0,2,6.7,20,1,9,223,67.2,84.0,86.1,57.0,0,0,21,0,0.0,141.2,0.0,0,1,0,2,3,0,0.0,174,9.2
Tyhier Tyler,82083,QB,ARMY,10,53.3,15,19,19.5,3.64,1,1,5.3,42.1,8,0,16,0.0,27,0,10,114,56.8,76.4,51.4,74.0,0,1,27,1,18.8,102.4,11.1,3,5,0,3,2,2,7.4,301,15.8
Logan Smothers,129713,QB,NEBRASKA,3,70.6,17,19,7.3,2.73,0,2,10.5,52.6,10,0,11,16.7,24,2,5,238,35.2,76.8,73.3,68.1,1,0,24,0,36.4,67.0,16.7,4,1,0,1,0,1,4.2,96,5.1
Noah Fifita,158722,QB,ARIZONA,3,64.7,17,19,7.6,2.52,1,2,9.5,47.4,9,0,6,18.2,19,2,4,109,67.2,83.8,83.0,,0,0,21,0,0.0,87.2,0.0,0,0,0,1,1,0,0.0,128,6.7
Wiley Green,75891,QB,RICE,2,72.2,18,18,7.4,2.3,0,0,0.0,66.7,12,0,7,7.7,20,1,6,275,67.7,52.5,55.2,52.8,0,1,20,0,14.3,56.5,5.0,1,1,0,0,0,0,0.0,95,5.3
Desmond Trotter,83552,QB,S ALABAMA,4,93.8,16,18,3.3,2.38,0,0,0.0,77.8,14,0,8,6.7,22,1,9,288,68.1,85.5,80.5,72.0,1,0,23,0,12.5,96.1,4.5,1,3,0,1,0,0,0.0,127,7.1
Ty Keyes,145417,QB,SO MISS,2,58.8,17,17,13.5,2.63,0,1,5.6,58.8,10,0,6,0.0,20,0,6,296,72.5,58.3,54.6,61.3,0,2,21,0,0.0,103.2,0.0,0,3,0,0,3,1,4.8,272,16.0
Kyle Crum,158784,QB,S DIEGO ST,2,31.3,16,17,12.7,2.73,1,0,0.0,29.4,5,0,12,0.0,22,0,3,284,20.0,28.2,26.9,58.3,0,1,24,1,33.3,35.2,18.2,4,1,0,0,1,5,20.8,53,3.1
Jackson Stratton,157206,QB,COLO STATE,3,43.8,16,17,17.1,3.7,0,1,5.6,23.5,4,0,8,42.9,18,3,4,144,67.7,49.1,45.9,64.7,1,2,19,0,0.0,26.2,0.0,0,1,0,0,1,3,15.8,78,4.6
Luke Altmyer,146802,QB,OLE MISS,3,56.3,16,17,10.6,2.42,0,0,0.0,47.1,8,0,6,11.1,18,1,7,226,27.2,48.9,50.1,52.7,0,1,21,0,16.7,86.6,5.6,1,0,0,1,2,2,9.5,125,7.4
Trexler Ivey,122184,QB,CHARLOTTE,1,60.0,15,16,9.5,3.37,0,0,0.0,56.3,9,0,2,0.0,18,0,7,136,22.9,59.8,56.9,63.7,0,0,18,0,50.0,96.1,5.6,1,1,0,1,1,1,5.6,101,6.3
Dylan Morris,100570,QB,WASHINGTON,4,78.6,14,16,11.9,2.95,1,0,0.0,56.3,9,0,8,18.2,20,2,9,340,69.7,73.7,72.1,64.3,0,1,20,0,12.5,80.7,5.0,1,3,0,1,1,1,5.0,142,8.9
Justin Ibieta,123220,QB,TULANE,3,81.3,16,16,3.0,2.36,0,0,0.0,81.3,13,0,3,0.0,18,0,7,319,69.6,56.4,48.7,65.7,0,0,18,0,0.0,102.6,0.0,0,2,0,0,0,1,5.6,138,8.6
Maasai Maynor,101057,QB,NAVY,3,53.8,13,15,20.3,3.35,0,3,16.7,46.7,7,0,8,0.0,18,0,6,237,26.5,59.3,58.4,60.3,1,0,21,0,12.5,99.9,5.6,1,2,1,0,1,2,9.5,132,8.8
Kai Millner,146286,QB,CAL,2,71.4,14,15,9.0,2.41,1,2,13.3,60.0,9,0,6,10.0,16,1,5,130,67.4,82.9,80.8,64.2,0,0,16,0,0.0,125.3,0.0,0,1,0,0,2,0,0.0,121,8.1
Levi Williams,98365,QB,UTAH ST,3,38.5,13,15,16.4,2.21,0,0,0.0,26.7,4,0,3,20.0,15,1,3,329,28.2,53.0,53.8,62.6,2,0,16,0,0.0,39.6,0.0,0,0,0,0,0,0,0.0,27,1.8
Rocco Becht,157567,QB,IOWA STATE,3,64.3,14,15,8.0,2.9,0,1,5.6,46.7,7,0,4,22.2,16,2,1,193,67.0,53.2,55.5,54.1,0,1,19,0,0.0,30.1,0.0,0,1,0,1,0,0,0.0,61,4.1
Luke Doty,124230,QB,S CAROLINA,3,71.4,14,14,6.6,2.39,0,1,7.1,71.4,10,0,3,0.0,14,0,5,289,70.0,67.8,50.1,80.0,0,2,14,0,0.0,105.1,0.0,0,0,0,0,2,2,14.3,146,10.4
Miller Moss,70727,QB,USC,2,85.7,14,14,2.2,2.54,0,1,7.1,85.7,12,0,3,0.0,14,0,7,326,68.7,71.3,71.1,60.8,0,0,14,0,0.0,137.8,0.0,0,0,0,0,1,0,0.0,159,11.4
Jalen Kitna,146688,QB,FLORIDA,2,71.4,14,14,14.0,2.75,0,1,5.9,71.4,10,0,3,0.0,14,0,8,163,67.5,70.3,70.5,63.3,0,0,17,1,0.0,137.5,0.0,0,0,0,0,1,0,0.0,181,12.9
Nicco Marchiol,157363,QB,W VIRGINIA,2,50.0,14,14,13.6,2.1,0,1,7.1,35.7,5,0,4,28.6,14,2,3,343,71.6,71.0,64.0,69.2,0,0,14,0,0.0,74.4,0.0,0,0,0,0,1,0,0.0,63,4.5
Sam Vidlak,146333,QB,BOISE ST,3,75.0,12,14,9.7,2.49,0,1,6.7,64.3,9,0,6,0.0,16,0,1,120,68.2,67.3,69.7,60.1,1,0,17,2,33.3,81.3,12.5,2,0,0,1,0,0,0.0,86,6.1
Charlie Brewer,60344,QB,LIBERTY,3,91.7,12,13,4.5,2.86,1,0,0.0,61.5,8,0,6,27.3,19,3,4,206,68.5,61.1,65.2,54.7,0,1,20,0,33.3,38.0,10.5,2,3,0,0,0,0,0.0,52,4.0
Jason Brown,109060,QB,VA TECH,3,75.0,12,13,10.1,2.67,1,1,7.1,53.8,7,0,4,22.2,15,2,4,337,66.5,73.5,72.8,,0,0,16,0,50.0,67.8,13.3,2,0,0,0,0,0,0.0,65,5.0
Darius Ocean,123459,QB,W KENTUCKY,3,66.7,12,12,12.8,2.89,0,2,15.4,58.3,7,0,7,12.5,17,1,6,346,69.0,48.5,54.2,48.6,0,1,18,0,42.9,102.8,17.6,3,2,0,0,2,2,11.1,136,11.3
Jack Tuttle,83580,QB,INDIANA,1,90.0,10,12,3.3,2.53,1,0,0.0,75.0,9,0,7,0.0,19,0,4,190,69.1,68.8,73.4,58.3,0,0,19,0,42.9,120.8,15.8,3,4,0,1,1,0,0.0,82,6.8
Parker Navarro,123758,QB,OHIO,2,50.0,10,12,3.9,2.87,1,0,0.0,41.7,5,0,8,0.0,17,0,4,259,13.8,33.0,26.9,68.0,0,0,17,0,37.5,51.7,17.6,3,2,0,1,0,2,11.8,43,3.6
Mason Garcia,123811,QB,E CAROLINA,2,66.7,12,12,6.0,3.14,0,0,0.0,58.3,7,0,4,12.5,15,1,2,156,68.1,55.2,52.8,60.9,0,0,15,0,25.0,69.4,6.7,1,2,0,0,0,1,6.7,54,4.5
Xavier Arline,121831,QB,NAVY,6,40.0,10,12,16.3,3.78,0,2,13.3,33.3,4,0,16,0.0,24,0,7,237,57.2,62.3,48.4,64.2,0,1,28,3,31.3,64.2,20.8,5,7,1,1,2,2,7.1,85,7.1
Zamar Wise,128106,QB,UMASS,2,36.4,11,12,9.8,2.89,0,0,0.0,33.3,4,0,7,0.0,16,0,2,216,72.7,53.2,43.3,64.1,1,0,17,0,42.9,45.1,18.8,3,1,0,0,0,1,5.9,44,3.7
Cale Millen,98017,QB,UCONN,6,44.4,9,12,5.7,2.95,1,0,0.0,33.3,4,0,4,0.0,12,0,1,146,74.8,64.3,53.9,68.3,0,0,12,0,0.0,70.1,0.0,0,0,0,2,1,0,0.0,25,2.1
Nate Yarnell,144037,QB,PITTSBURGH,1,75.0,12,12,12.4,2.52,0,3,23.1,75.0,9,0,2,0.0,13,0,8,268,68.7,79.5,85.5,57.4,0,0,14,1,50.0,144.4,7.7,1,0,0,0,1,1,7.1,179,14.9
Tommy Ulatowski,163150,QB,KENT STATE,1,63.6,11,11,16.2,2.77,0,0,0.0,54.5,6,0,2,14.3,13,1,5,201,68.2,66.4,58.6,71.7,0,0,16,0,50.0,116.5,7.7,1,1,0,0,1,0,0.0,102,9.3
Quincy Patterson II,77626,QB,TEMPLE,3,63.6,11,11,4.9,2.25,0,0,0.0,54.5,6,0,2,14.3,11,1,5,306,25.9,59.0,59.3,58.8,0,0,12,0,0.0,71.8,0.0,0,0,0,0,0,0,0.0,64,5.8
Frank Gore Jr.,121457,HB,SO MISS,7,54.5,11,11,19.1,2.78,0,3,20.0,45.5,5,1,5,16.7,12,1,6,296,77.9,89.7,76.8,89.4,0,0,16,1,0.0,131.6,0.0,0,1,0,0,2,0,0.0,160,14.5
Sawyer Robertson,146839,QB,MISS STATE,3,54.5,11,11,4.2,2.36,0,0,0.0,54.5,6,0,5,0.0,13,0,1,227,66.0,63.2,58.3,64.2,0,1,13,0,20.0,22.2,7.7,1,1,0,0,0,0,0.0,23,2.1
Jaxon Dailey,156650,QB,ARK STATE,2,50.0,10,10,5.4,2.18,0,0,0.0,50.0,5,0,4,0.0,11,0,2,113,66.2,29.3,29.1,,0,1,14,0,25.0,18.3,9.1,1,0,0,0,0,1,7.1,34,3.4
Eric Najarian,101624,QB,MARYLAND,2,44.4,9,9,18.7,2.6,0,0,0.0,44.4,4,0,4,0.0,11,0,3,215,67.6,43.0,42.2,59.3,0,0,11,0,50.0,67.8,18.2,2,0,0,0,0,0,0.0,62,6.9
Christian Veilleux,145086,QB,PENN STATE,3,100.0,9,9,3.7,2.02,0,0,0.0,77.8,7,0,1,22.2,10,2,4,266,68.4,80.9,86.6,57.2,0,0,10,0,100.0,87.0,10.0,1,0,0,0,0,0,0.0,44,4.9
Ari Patu,146360,QB,STANFORD,3,87.5,8,9,12.0,2.69,0,1,11.1,66.7,6,0,3,14.3,10,1,6,300,67.5,82.6,85.0,60.8,0,0,10,0,0.0,127.3,0.0,0,1,0,1,2,0,0.0,65,7.2
Zeon Chriss,156733,QB,LA LAFAYET,2,75.0,8,9,11.4,2.34,0,0,0.0,55.6,5,0,4,16.7,9,1,4,207,67.4,66.6,61.8,65.4,0,0,9,0,0.0,124.3,0.0,0,0,0,1,1,0,0.0,84,9.3
Davis Warren,73940,QB,MICHIGAN,4,55.6,9,9,11.9,2.9,0,1,11.1,55.6,5,0,4,0.0,11,0,4,222,68.5,68.4,63.6,65.3,0,0,11,0,0.0,89.6,0.0,0,2,0,0,0,0,0.0,89,9.9
Grant Gunnell,98367,QB,N TEXAS,2,44.4,9,9,12.2,2.95,0,1,11.1,44.4,4,0,4,0.0,10,0,2,251,65.4,42.2,38.9,,0,1,10,0,25.0,34.3,10.0,1,0,0,0,0,1,10.0,75,8.3
Carl Richardson,129735,QB,NWESTERN,2,37.5,8,9,9.4,2.97,0,0,0.0,33.3,3,0,2,0.0,9,0,1,256,65.4,29.3,29.1,,1,1,10,0,0.0,8.3,0.0,0,0,0,0,0,1,10.0,39,4.3
Liu Aumavae,158776,QB,S DIEGO ST,2,25.0,8,8,12.0,2.45,0,1,12.5,12.5,1,0,0,50.0,8,1,0,284,66.2,53.0,51.5,60.0,0,0,8,0,,39.6,0.0,0,0,0,0,0,1,12.5,2,0.3
Nate Hampton,147548,QB,LIBERTY,3,37.5,8,8,20.3,3.39,0,1,11.1,37.5,3,0,5,0.0,11,0,2,206,74.1,49.7,40.8,60.3,0,0,12,0,40.0,72.9,18.2,2,1,0,0,0,1,8.3,76,9.5
Jack Abraham,40557,QB,MISSOURI,3,71.4,7,8,11.1,2.43,1,0,0.0,37.5,3,0,3,40.0,8,2,2,229,64.9,60.3,58.7,,0,2,8,0,0.0,16.7,0.0,0,0,0,0,0,1,12.5,44,5.5
Mareyohn Hrabowski,145923,QB,W MICHIGAN,3,66.7,6,8,13.5,3.15,1,1,7.7,50.0,4,0,7,0.0,14,0,3,347,75.2,65.0,62.5,62.4,1,0,19,0,14.3,72.9,7.1,1,5,0,0,0,0,0.0,56,7.0
Jack Lausch,162845,QB,NWESTERN,1,57.1,7,8,10.6,3.79,0,0,0.0,50.0,4,0,6,0.0,10,0,3,256,22.8,39.8,52.2,43.6,1,1,10,0,16.7,39.6,10.0,1,1,0,0,0,0,0.0,68,8.5
Garrett Hable,123480,QB,LA MONROE,3,62.5,8,8,5.9,2.09,0,0,0.0,50.0,4,0,4,20.0,9,1,2,209,67.4,55.5,52.1,60.3,0,0,9,0,0.0,74.0,0.0,0,1,0,0,0,0,0.0,58,7.3
Thomas Castellanos,158433,QB,UCF,3,100.0,8,8,1.8,1.44,0,0,0.0,87.5,7,0,1,12.5,8,1,3,323,72.1,90.5,78.5,81.9,0,0,8,1,0.0,102.1,0.0,0,0,0,0,0,0,0.0,68,8.5
Cole Kramer,101627,QB,MINNESOTA,3,62.5,8,8,6.4,2.26,0,0,0.0,62.5,5,0,1,0.0,8,0,1,225,71.0,71.3,63.3,68.9,0,0,8,0,0.0,75.5,0.0,0,0,0,0,0,0,0.0,41,5.1
Bert Emanuel Jr.,158581,QB,C MICHIGAN,3,57.1,7,8,11.3,3.9,0,0,0.0,50.0,4,0,14,0.0,21,0,4,134,44.3,75.3,28.4,79.7,0,0,22,1,50.0,71.9,33.3,7,6,0,1,0,1,4.5,54,6.8
Willie Taggart Jr.,123613,QB,FAU,4,33.3,6,7,6.8,2.58,0,0,0.0,28.6,2,0,3,0.0,8,0,1,165,74.6,50.7,36.9,61.0,0,0,9,0,0.0,39.6,0.0,0,1,0,1,0,0,0.0,14,2.0
William Haskell,146153,QB,S DIEGO ST,2,50.0,6,7,9.7,2.59,1,0,0.0,42.9,3,0,2,0.0,8,0,2,284,67.2,50.8,45.8,60.3,0,0,8,0,0.0,50.3,0.0,0,1,0,0,0,0,0.0,12,1.7
Alan Bowman,77679,QB,MICHIGAN,2,85.7,7,7,4.0,2.53,0,0,0.0,85.7,6,0,1,0.0,7,0,4,222,64.6,57.4,56.3,,0,0,7,0,0.0,142.0,0.0,0,0,0,0,1,0,0.0,60,8.6
AJ Duffy,156292,QB,FLORIDA ST,3,33.3,6,7,14.3,3.31,0,0,0.0,28.6,2,0,5,0.0,8,0,1,167,67.2,48.0,47.6,57.0,0,0,8,0,0.0,82.1,0.0,0,1,0,1,1,0,0.0,26,3.7
Michael Alaimo,129802,QB,PURDUE,2,71.4,7,7,12.0,2.51,0,0,0.0,71.4,5,0,2,0.0,8,0,2,273,66.2,71.0,64.1,67.8,0,0,8,0,0.0,83.6,0.0,0,1,0,0,0,0,0.0,37,5.3
Chance Lovertich,121427,QB,MISS STATE,1,100.0,6,6,3.8,3.17,0,0,0.0,100.0,6,0,1,0.0,7,0,3,227,64.9,61.5,61.2,,0,0,8,0,100.0,131.3,14.3,1,0,0,0,1,0,0.0,36,6.0
Taisun Phommachanh,99577,QB,GA TECH,2,40.0,5,6,15.0,3.77,0,0,0.0,33.3,2,0,3,0.0,7,0,2,176,73.9,60.7,40.9,67.6,0,1,7,1,0.0,2.8,0.0,0,1,0,1,0,1,14.3,13,2.2
Bryce Carpenter,82101,QB,COAST CAR,4,80.0,5,6,5.0,2.29,1,0,0.0,66.7,4,0,4,0.0,8,0,3,141,80.2,72.3,70.5,66.5,0,0,8,1,25.0,134.0,12.5,1,1,0,0,1,0,0.0,53,8.8
Henry Belin IV,162693,QB,DUKE,1,100.0,6,6,1.7,2.41,0,0,0.0,83.3,5,0,2,16.7,7,1,2,154,20.1,52.8,68.6,43.3,0,0,8,0,50.0,96.5,14.3,1,0,0,0,0,0,0.0,43,7.2
Chase Wolf,51692,QB,WISCONSIN,1,33.3,6,6,22.8,3.54,0,0,0.0,33.3,2,0,0,0.0,7,0,1,349,65.1,46.8,49.0,57.0,0,0,9,0,,44.4,0.0,0,1,0,0,0,0,0.0,21,3.5
Ryan Burger,157544,QB,APP STATE,1,83.3,6,6,5.3,3.34,0,0,0.0,66.7,4,0,2,20.0,8,1,4,108,64.9,71.5,59.6,70.8,0,0,8,0,0.0,85.4,0.0,0,2,0,0,0,0,0.0,40,6.7
Ashton Daniels,157259,QB,STANFORD,5,100.0,5,6,1.6,2.18,0,0,0.0,83.3,5,0,3,0.0,8,0,1,300,23.7,79.1,47.9,77.3,1,0,8,0,33.3,93.8,12.5,1,0,0,0,0,0,0.0,39,6.5
Goose Crowder,144781,QB,W VIRGINIA,1,100.0,6,6,8.5,2.14,0,1,14.3,100.0,6,0,2,0.0,7,0,4,343,64.9,92.6,91.9,64.3,0,0,8,0,0.0,145.8,0.0,0,1,0,0,1,0,0.0,57,9.5
Henry Hesson,145798,QB,MIAMI OH,1,40.0,5,5,18.2,2.62,0,0,0.0,40.0,2,0,3,0.0,6,0,2,221,65.7,47.9,39.3,65.5,0,0,6,0,0.0,66.3,0.0,0,1,0,0,0,0,0.0,37,7.4
Gaston Moore,123756,QB,TENNESSEE,3,80.0,5,5,10.8,2.24,0,0,0.0,80.0,4,0,0,0.0,5,0,1,307,63.8,57.4,56.6,60.0,0,1,5,0,,52.1,0.0,0,0,0,0,0,1,20.0,30,6.0
Kinkead Dent,99132,QB,OLE MISS,2,60.0,5,5,8.8,1.88,0,0,0.0,60.0,3,0,1,0.0,5,0,0,226,63.8,64.3,63.1,,0,0,5,0,0.0,64.6,0.0,0,0,0,0,0,0,0.0,7,1.4
Stone Hollenbach,99128,QB,W MICHIGAN,1,80.0,5,5,5.0,2.32,0,0,0.0,80.0,4,0,2,0.0,6,0,2,347,64.2,27.8,27.3,,0,1,6,0,50.0,39.6,16.7,1,0,0,0,0,1,16.7,15,3.0
Brendan Sorsby,156398,QB,INDIANA,1,40.0,5,5,8.8,1.9,0,0,0.0,40.0,2,0,3,0.0,8,0,0,190,64.9,31.6,30.9,,0,1,8,0,66.7,8.3,25.0,2,0,0,0,0,1,12.5,7,1.4
Jake Rubley,144589,QB,KANSAS ST,2,80.0,5,5,7.8,3.43,0,0,0.0,80.0,4,0,3,0.0,8,0,1,199,71.6,54.9,55.8,56.8,0,1,9,0,33.3,63.8,12.5,1,2,0,0,0,1,11.1,44,8.8
Ty Simpson,157008,QB,ALABAMA,3,100.0,4,5,5.0,1.92,1,0,0.0,80.0,4,0,0,0.0,5,0,3,103,68.9,69.4,68.1,61.3,0,0,5,0,,95.8,0.0,0,0,0,0,0,0,0.0,35,7.0
Sam Jackson,144682,QB,TCU,4,100.0,5,5,2.2,2.94,0,0,0.0,100.0,5,0,3,0.0,7,0,3,305,72.1,87.1,81.2,73.4,0,0,8,0,33.3,118.8,14.3,1,1,0,0,0,0,0.0,63,12.6
Ethan Vasko,163817,QB,KANSAS,1,50.0,4,5,11.0,3.39,0,0,0.0,40.0,2,0,4,0.0,7,0,1,198,64.6,51.1,43.0,64.9,1,0,7,0,25.0,47.9,14.3,1,1,0,0,0,0,0.0,13,2.6
Myles Burkett,158691,QB,WISCONSIN,2,100.0,4,5,18.8,2.8,0,0,0.0,80.0,4,0,3,0.0,6,0,3,349,64.2,78.6,78.3,,0,0,6,0,33.3,118.8,16.7,1,0,0,1,0,0,0.0,84,16.8
Jacolby Criswell,122830,QB,N CAROLINA,2,66.7,3,5,3.0,2.1,2,0,0.0,20.0,1,0,2,50.0,5,1,0,245,66.8,61.0,55.5,62.7,0,0,5,1,0.0,39.6,0.0,0,0,0,0,0,0,0.0,4,0.8
Ryan Glover,109047,QB,MEMPHIS,2,80.0,5,5,4.0,2.48,0,0,0.0,80.0,4,0,3,0.0,8,0,1,218,72.1,80.3,58.9,78.0,0,0,8,0,66.7,90.8,25.0,2,1,0,0,0,0,0.0,29,5.8
Caden Veltkamp,156642,QB,W KENTUCKY,1,100.0,4,4,2.5,1.85,0,0,0.0,100.0,4,0,0,0.0,4,0,2,346,63.3,60.5,60.0,,0,0,4,0,,92.7,0.0,0,0,0,0,0,0,0.0,25,6.3
Tristan Gebbia,60475,QB,OREGON ST,2,100.0,4,4,5.5,1.6,0,1,25.0,100.0,4,0,1,0.0,4,0,3,265,68.8,82.6,85.0,61.3,0,0,4,0,0.0,115.6,0.0,0,0,0,0,0,0,0.0,47,11.8
Weston Eget,97802,QB,NEW MEX ST,3,75.0,4,4,10.3,2.83,0,0,0.0,75.0,3,0,2,0.0,7,0,2,242,18.0,50.6,64.2,45.2,0,0,7,0,50.0,117.7,14.3,1,2,0,0,1,1,14.3,13,3.3
Brendon Clark,102869,QB,DOMINION,2,50.0,4,4,19.3,3.19,0,1,25.0,50.0,2,0,2,0.0,7,0,2,263,21.3,46.1,60.4,45.8,0,1,8,0,50.0,42.7,14.3,1,1,0,0,0,1,12.5,37,9.3
Ashton Cook,144539,QB,IOWA STATE,1,100.0,4,4,3.0,2.28,0,0,0.0,100.0,4,0,1,0.0,4,0,1,193,63.3,75.5,75.1,,0,0,4,0,0.0,100.0,0.0,0,0,0,0,0,0,0.0,32,8.0
Drew Carter,146312,QB,COLORADO,1,25.0,4,4,5.3,3.4,0,0,0.0,25.0,1,0,4,0.0,9,0,1,143,20.8,36.5,30.5,55.4,0,0,9,0,50.0,39.6,22.2,2,3,0,0,0,1,11.1,3,0.8
Michael Kern,97799,QB,WAKE,1,75.0,4,4,9.3,2.08,0,0,0.0,75.0,3,0,1,0.0,4,0,1,339,63.3,70.0,69.4,,0,0,4,0,0.0,77.1,0.0,0,0,0,0,0,0,0.0,6,1.5
Braden Smith,61460,WR,LOUISVILLE,4,75.0,4,4,16.3,3.1,0,1,25.0,75.0,3,0,2,0.0,4,0,3,210,68.4,53.2,90.1,,0,0,4,1,0.0,156.3,0.0,0,0,0,0,1,0,0.0,106,26.5
Tayven Jackson,157615,QB,TENNESSEE,3,100.0,3,4,5.7,3.15,0,0,0.0,75.0,3,0,4,0.0,6,0,1,307,67.0,71.9,68.2,64.5,1,0,6,0,25.0,103.1,16.7,1,1,0,0,0,0,0.0,37,9.3
Maddux Madsen,163379,QB,BOISE ST,1,75.0,4,4,7.8,2.1,0,0,0.0,75.0,3,0,0,0.0,4,0,1,120,65.2,65.9,68.4,58.7,0,0,4,0,,109.4,0.0,0,0,0,0,0,0,0.0,43,10.8
Stone Earle,123504,QB,N TEXAS,3,75.0,4,4,5.8,1.9,0,0,0.0,75.0,3,0,1,0.0,4,0,2,251,75.2,77.7,61.2,72.5,0,0,4,0,0.0,89.6,0.0,0,0,0,0,0,0,0.0,24,6.0
Braelon Allen,145159,HB,WISCONSIN,3,66.7,3,3,6.7,3.57,0,0,0.0,66.7,2,0,3,0.0,3,0,2,349,83.9,79.7,69.4,81.0,0,0,3,1,0.0,143.1,0.0,0,0,0,0,1,0,0.0,33,11.0
Brady Allen,156493,QB,PURDUE,1,66.7,3,3,1.0,1.4,0,0,0.0,33.3,1,0,0,50.0,3,1,0,273,62.7,51.2,49.8,,0,0,3,0,,42.4,0.0,0,0,0,0,0,0,0.0,8,2.7
Holden Geriner,157045,QB,AUBURN,1,66.7,3,3,3.3,2.68,0,0,0.0,66.7,2,0,2,0.0,5,0,1,115,63.8,62.1,61.7,,0,0,6,0,100.0,70.1,40.0,2,0,0,0,0,0,0.0,8,2.7
Connor Cigelske,122433,QB,GA SOUTHRN,1,33.3,3,3,8.7,2.45,0,0,0.0,33.3,1,0,1,0.0,4,0,0,174,65.2,48.8,50.2,58.0,0,0,4,0,100.0,42.4,25.0,1,0,0,0,0,0,0.0,1,0.3
Thayer Thomas,61515,WR,NC STATE,3,100.0,2,3,11.5,3.43,0,1,25.0,66.7,2,0,1,0.0,3,0,1,248,65.8,69.5,90.2,,0,0,4,2,0.0,143.1,0.0,0,0,0,1,1,0,0.0,33,11.0
Michael Turk,82012,P,OKLAHOMA,3,100.0,3,3,-4.7,1.1,0,0,0.0,66.7,2,0,0,33.3,3,1,2,261,62.7,63.2,62.1,,0,0,3,0,,109.7,0.0,0,0,0,0,1,0,0.0,5,1.7
Lucas Coley,146625,QB,HOUSTON,2,100.0,3,3,-3.7,1.5,0,0,0.0,100.0,3,0,0,0.0,3,0,0,182,20.3,40.5,63.9,43.0,0,0,3,0,,79.2,0.0,0,0,0,0,0,0,0.0,8,2.7
D.J. Mack Jr.,55405,QB,DOMINION,2,50.0,2,3,4.0,2.1,0,0,0.0,33.3,1,0,0,0.0,3,0,1,263,21.1,51.0,55.7,66.0,0,0,3,0,,98.6,0.0,0,0,0,1,1,0,0.0,21,7.0
Gabriel Rogers,100921,WR,MEMPHIS,2,50.0,2,3,30.0,4.57,0,1,33.3,33.3,1,2,3,0.0,3,0,1,218,52.6,63.4,82.2,74.5,0,0,3,3,0.0,121.5,0.0,0,0,0,1,1,0,0.0,41,13.7
Kai Kroeger,124245,P,S CAROLINA,4,100.0,3,3,10.0,2.03,0,0,0.0,100.0,3,0,0,0.0,3,0,3,289,63.8,87.0,91.1,,0,0,5,0,,158.3,0.0,0,0,0,0,1,0,0.0,84,28.0
Johnny Langan,77617,TE,RUTGERS,3,66.7,3,3,13.7,2.0,0,0,0.0,66.7,2,0,2,0.0,3,0,1,278,36.2,57.3,38.9,64.1,0,0,3,3,0.0,149.3,0.0,0,0,0,0,1,1,33.3,43,14.3
Brady McBride,77641,QB,APP STATE,1,66.7,3,3,23.3,3.15,0,1,33.3,66.7,2,0,0,0.0,4,0,2,108,63.3,70.0,74.7,57.8,0,0,4,0,,103.5,0.0,0,1,0,0,0,0,0.0,33,11.0
Sam Horn,157167,QB,MISSOURI,1,50.0,2,2,12.0,1.85,0,1,33.3,0.0,0,0,0,100.0,2,1,0,229,64.8,88.7,83.9,62.3,0,0,3,0,,39.6,0.0,0,0,0,0,0,0,0.0,0,0.0
Ben Brittain,125262,QB,AIR FORCE,2,100.0,1,2,30.0,2.7,0,1,50.0,50.0,1,0,1,0.0,2,0,1,101,69.6,90.4,84.8,72.3,0,0,2,0,0.0,135.4,0.0,0,0,0,1,1,0,0.0,80,40.0
Terrell Vaughn,157634,WR,UTAH ST,3,50.0,2,2,2.5,3.25,0,0,0.0,0.0,0,0,0,100.0,2,1,0,329,78.1,67.9,75.4,74.2,0,0,3,0,,39.6,0.0,0,0,0,0,0,0,0.0,0,0.0
Kai Puailoa-Rojas,121867,HB,NAVY,2,50.0,2,2,17.0,3.5,0,1,50.0,50.0,1,0,0,0.0,2,0,1,237,69.4,53.5,46.4,74.2,0,1,2,0,,95.8,0.0,0,0,0,0,1,1,50.0,26,13.0
CJ Lewis,61173,WR,BOWL GREEN,3,50.0,2,2,2.5,6.37,0,0,0.0,50.0,1,0,2,0.0,3,0,1,122,71.5,56.8,46.0,,0,0,3,3,50.0,75.0,33.3,1,0,0,0,0,0,0.0,15,7.5
Ta'Quan Roberson,101625,QB,UCONN,1,100.0,1,2,-5.0,2.65,0,0,0.0,50.0,1,0,0,0.0,2,0,0,146,67.6,83.2,58.9,76.4,0,0,2,0,,64.6,0.0,0,0,0,1,0,0,0.0,10,5.0
Dakereon Joyner,83554,WR,S CAROLINA,3,100.0,2,2,11.0,4.2,0,0,0.0,100.0,2,0,2,0.0,3,0,2,289,73.8,62.5,79.9,70.5,0,0,3,1,50.0,158.3,33.3,1,0,0,0,1,0,0.0,83,41.5
Bucky Irving,144970,HB,OREGON,2,100.0,2,2,-3.5,2.1,0,0,0.0,100.0,2,0,0,0.0,2,0,2,264,90.0,89.5,62.6,91.2,0,0,2,0,,158.3,0.0,0,0,0,0,1,0,0.0,36,18.0
LeQuint Allen,158290,HB,SYRACUSE,2,50.0,2,2,24.0,3.55,0,0,0.0,50.0,1,0,0,0.0,2,0,1,304,78.6,73.8,62.3,75.8,0,0,2,0,,135.4,0.0,0,0,0,0,1,0,0.0,33,16.5
OJ Arnold,158336,HB,GA SOUTHRN,2,100.0,2,2,28.0,2.55,0,0,0.0,50.0,1,0,1,50.0,2,1,1,174,80.5,74.0,89.7,76.4,0,0,2,0,0.0,135.4,0.0,0,0,0,0,1,0,0.0,32,16.0
JP Richardson,144650,WR,OKLA STATE,2,100.0,1,2,32.0,4.1,0,0,0.0,50.0,1,0,0,0.0,2,0,1,262,75.4,62.3,55.7,,0,0,2,1,,95.8,0.0,0,0,0,1,0,0,0.0,32,16.0
Katin Houser,158386,QB,MICH STATE,1,50.0,2,2,7.0,3.45,0,0,0.0,50.0,1,0,1,0.0,2,0,0,223,64.4,58.3,50.0,63.3,0,0,2,0,0.0,56.3,0.0,0,0,0,0,0,0,0.0,2,1.0
John Mateer,158516,QB,WASH STATE,1,100.0,2,2,16.5,1.95,0,0,0.0,100.0,2,0,0,0.0,2,0,1,341,71.2,80.1,59.7,74.4,0,0,2,0,,158.3,0.0,0,0,0,0,1,0,0.0,32,16.0
KeAndre Lambert-Smith,129789,WR,PENN STATE,2,100.0,2,2,14.5,2.9,0,0,0.0,100.0,2,1,0,0.0,2,0,2,266,70.8,67.4,76.8,,0,0,2,1,,158.3,0.0,0,0,0,0,1,0,0.0,73,36.5
Isaiah Bowser,66123,HB,UCF,3,100.0,2,2,2.0,1.4,0,0,0.0,100.0,2,0,0,0.0,2,0,1,323,82.8,71.5,71.5,72.3,0,0,3,0,,118.8,0.0,0,0,0,0,1,0,0.0,4,2.0
Tory Horton,128232,WR,COLO STATE,3,100.0,2,2,10.0,4.55,0,0,0.0,100.0,2,0,2,0.0,4,0,2,144,83.0,78.9,69.2,64.3,0,0,4,1,50.0,118.8,25.0,1,1,0,0,0,0,0.0,35,17.5
Bryce Archie,156667,QB,COAST CAR,1,0.0,2,2,21.0,2.6,0,0,0.0,0.0,0,0,1,,2,0,0,141,66.2,49.2,39.2,63.9,0,0,2,0,0.0,39.6,0.0,0,0,0,0,0,0,0.0,0,0.0
Gino English,99576,QB,FLORIDA ST,1,100.0,2,2,-2.5,1.3,0,0,0.0,100.0,2,0,0,0.0,2,0,1,167,10.2,40.2,62.7,49.5,0,0,2,0,,100.0,0.0,0,0,0,0,0,0,0.0,16,8.0
Tetairoa McMillan,158735,WR,ARIZONA,2,100.0,2,2,0.5,4.85,0,0,0.0,100.0,2,1,1,0.0,2,0,1,109,72.9,66.5,74.3,,0,0,2,1,0.0,83.3,0.0,0,0,0,0,0,0,0.0,8,4.0
Jay Woolfolk,151104,QB,VIRGINIA,1,0.0,1,2,14.0,4.33,1,0,0.0,0.0,0,0,0,,3,0,1,335,65.5,56.0,51.8,62.4,0,0,5,0,,39.6,0.0,0,1,0,0,0,0,0.0,0,0.0
Austin McCready,145261,P,LA TECH,2,0.0,2,2,15.5,2.8,0,0,0.0,0.0,0,0,1,,2,0,0,208,61.8,54.5,51.0,,0,0,2,0,0.0,39.6,0.0,0,0,0,0,0,0,0.0,0,0.0
Brian Cobbs,84285,WR,UTAH ST,5,0.0,2,2,27.0,4.38,0,0,0.0,0.0,0,0,1,,4,0,0,329,75.4,73.3,62.7,53.1,0,0,6,1,0.0,39.6,0.0,0,2,0,0,0,0,0.0,0,0.0
Brock Vandagriff,146713,QB,GEORGIA,2,100.0,1,2,16.0,2.6,1,0,0.0,0.0,0,0,0,100.0,2,1,0,173,67.6,67.1,70.7,58.6,0,0,2,0,,39.6,0.0,0,0,0,0,0,0,0.0,0,0.0
Eric Gray,99143,HB,OKLAHOMA,1,50.0,2,2,2.5,1.65,0,0,0.0,50.0,1,0,0,0.0,2,0,0,261,85.8,90.6,28.3,92.4,0,1,2,1,,16.7,0.0,0,0,0,0,0,1,50.0,0,0.0
Sam Huard,146463,QB,WASHINGTON,1,100.0,2,2,2.0,2.57,0,0,0.0,100.0,2,0,1,0.0,3,0,2,340,63.3,51.0,49.6,,0,0,4,0,100.0,116.7,33.3,1,0,0,0,0,0,0.0,24,12.0
Jack Colletto,83540,FB,OREGON ST,2,100.0,2,2,26.5,3.4,0,0,0.0,100.0,2,0,1,0.0,2,0,2,265,78.2,73.9,90.1,77.2,0,0,2,1,0.0,118.8,0.0,0,0,0,0,0,0,0.0,53,26.5
Jordan Watkins,122730,WR,OLE MISS,2,100.0,1,1,-1.0,5.3,0,0,0.0,100.0,1,0,1,0.0,2,0,0,226,83.6,56.7,58.9,59.6,0,0,2,3,100.0,83.3,50.0,1,0,0,0,0,0,0.0,4,4.0
Tre Harris,122676,WR,LA TECH,1,0.0,1,1,41.0,4.3,0,0,0.0,0.0,0,0,0,,1,0,0,208,55.3,77.8,27.5,62.8,0,1,1,0,,0.0,0.0,0,0,0,0,0,1,100.0,0,0.0
Roman Fuller,123247,QB,TULSA,1,100.0,1,1,6.0,1.8,0,0,0.0,100.0,1,0,0,0.0,1,0,1,320,68.7,70.8,71.7,60.3,0,0,1,0,,95.8,0.0,0,0,0,0,0,0,0.0,7,7.0
Xavier Hutchinson,122518,WR,IOWA STATE,1,100.0,1,1,-1.0,6.8,0,0,0.0,0.0,0,0,1,100.0,1,1,0,193,78.5,89.7,60.4,,0,0,1,0,0.0,39.6,0.0,0,0,0,0,0,0,0.0,0,0.0
Cameron Peters,123326,QB,UTSA,2,0.0,1,1,34.0,4.0,0,0,0.0,0.0,0,0,1,,2,0,0,331,68.7,48.3,49.6,56.4,0,0,2,0,100.0,39.6,50.0,1,0,0,0,0,0,0.0,0,0.0
Nate McCollum,122487,WR,GA TECH,3,0.0,1,1,17.0,3.67,0,0,0.0,0.0,0,0,2,,3,0,0,176,45.5,76.0,36.3,56.6,0,0,3,0,50.0,39.6,33.3,1,1,0,0,0,0,0.0,0,0.0
Tez Johnson,123709,WR,TROY,1,100.0,1,1,11.0,3.8,0,0,0.0,100.0,1,0,0,0.0,1,0,1,318,55.6,89.1,73.1,48.9,0,0,1,0,,135.4,0.0,0,0,0,0,1,0,0.0,7,7.0
Stone Frost,121805,QB,MIDDLE TN,1,100.0,1,1,-4.0,0.7,0,0,0.0,100.0,1,0,0,0.0,1,0,0,224,70.5,86.6,60.4,76.7,0,0,1,0,,79.2,0.0,0,0,0,0,0,0,0.0,-4,-4.0
Tyrell Robinson,121607,HB,ARMY,1,100.0,1,1,5.0,2.9,0,0,0.0,100.0,1,0,0,0.0,1,0,0,114,62.3,72.1,57.7,78.4,0,0,1,0,,91.7,0.0,0,0,0,0,0,0,0.0,6,6.0
Nasjzae Bryant-Lelei,111818,HB,HAWAII,1,0.0,1,1,3.0,2.1,0,0,0.0,0.0,0,0,0,,1,0,0,180,83.1,78.9,54.0,79.5,0,0,1,0,,39.6,0.0,0,0,0,0,0,0,0.0,0,0.0
Koy Moore,124104,WR,AUBURN,1,0.0,1,1,-6.0,4.1,0,0,0.0,0.0,0,0,1,,1,0,0,115,70.8,54.5,42.5,57.5,0,1,1,0,0.0,0.0,0.0,0,0,0,0,0,1,100.0,0,0.0
Grant DuBose,111276,WR,CHARLOTTE,1,0.0,1,1,37.0,4.1,0,0,0.0,0.0,0,1,0,,1,0,0,136,63.4,71.6,49.9,,0,0,1,2,,39.6,0.0,0,0,0,0,0,0,0.0,0,0.0
Will Derrick,105790,WR,LA MONROE,2,100.0,1,1,7.0,4.0,0,0,0.0,100.0,1,0,0,0.0,1,0,1,209,65.6,51.5,69.2,,0,0,2,1,,118.8,0.0,0,0,0,0,1,0,0.0,3,3.0
Isaac Ross,104919,WR,UMASS,2,0.0,1,1,32.0,4.3,0,0,0.0,0.0,0,0,1,,2,0,1,216,38.6,59.1,49.9,72.7,0,0,2,0,0.0,39.6,0.0,0,1,0,0,0,0,0.0,0,0.0
Keanu Hill,102960,WR,BYU,1,100.0,1,1,-6.0,3.4,0,0,0.0,100.0,1,0,0,0.0,1,0,0,128,38.9,68.0,60.6,,0,0,1,2,,91.7,0.0,0,0,0,0,0,0,0.0,6,6.0
Dalen Cambre,102933,WR,LA LAFAYET,1,0.0,1,1,12.0,5.3,0,0,0.0,0.0,0,0,1,,1,0,0,207,63.7,62.7,57.7,,0,0,1,0,0.0,39.6,0.0,0,0,0,0,0,0,0.0,0,0.0
Jaylin Noel,125155,WR,IOWA STATE,1,0.0,1,1,13.0,3.7,0,0,0.0,0.0,0,1,0,,1,0,0,193,73.2,62.8,47.3,70.9,0,0,1,4,,39.6,0.0,0,0,0,0,0,0,0.0,0,0.0
Josh Hoover,127148,QB,TCU,1,100.0,1,1,-3.0,1.2,0,0,0.0,100.0,1,0,0,0.0,1,0,0,305,60.3,61.5,60.6,,0,0,1,0,,79.2,0.0,0,0,0,0,0,0,0.0,2,2.0
Jordan Nabors,127151,WR,BAYLOR,2,0.0,1,1,38.0,1.5,0,0,0.0,0.0,0,0,1,,2,0,0,118,76.0,53.8,29.1,66.3,0,0,2,0,0.0,39.6,0.0,0,0,0,0,0,0,0.0,0,0.0
TJ Sheffield,101741,WR,PURDUE,1,,0,1,,3.7,0,0,0.0,0.0,0,1,1,,1,0,0,273,39.1,57.0,60.0,47.9,0,0,1,4,0.0,39.6,0.0,0,0,0,1,0,0,0.0,0,0.0
John Dunmore,101705,WR,OREGON ST,1,100.0,1,1,24.0,2.8,0,1,100.0,100.0,1,0,0,0.0,1,0,1,265,65.3,69.3,87.7,,0,0,1,1,,118.8,0.0,0,0,0,0,0,0,0.0,41,41.0
Dior Scott,128211,WR,HAWAII,1,0.0,1,1,-1.0,8.9,0,0,0.0,0.0,0,0,1,,1,0,0,180,79.8,57.2,57.7,55.9,0,0,1,0,0.0,39.6,0.0,0,0,0,0,0,0,0.0,0,0.0
George Johnson III,101696,WR,UMASS,1,0.0,1,1,11.0,3.0,0,0,0.0,0.0,0,1,1,,1,0,0,216,74.3,60.8,46.8,57.1,0,0,1,2,0.0,39.6,0.0,0,0,0,0,0,0,0.0,0,0.0
Stephen Kotsanlee,128385,P,UTAH ST,1,100.0,1,1,-3.0,1.9,0,0,0.0,100.0,1,0,0,0.0,1,0,1,329,65.9,62.5,60.6,63.9,0,0,1,0,,116.7,0.0,0,0,0,0,0,0,0.0,12,12.0
Kalel Mullings,129590,LB,MICHIGAN,1,100.0,1,1,13.0,2.5,0,0,0.0,100.0,1,0,0,0.0,1,0,1,222,66.8,68.4,74.3,59.0,0,0,1,1,,118.8,0.0,0,0,0,0,0,0,0.0,15,15.0
Andy Maddox,101619,QB,MICHIGAN,1,100.0,1,1,4.0,1.7,0,0,0.0,100.0,1,0,0,0.0,1,0,0,222,63.7,62.2,60.6,60.0,0,0,1,0,,83.3,0.0,0,0,0,0,0,0,0.0,4,4.0
Luke Elzinga,130433,P,C MICHIGAN,1,100.0,1,1,15.0,1.7,0,0,0.0,100.0,1,0,0,0.0,1,0,1,134,60.3,85.2,75.4,,0,0,1,0,,118.8,0.0,0,0,0,0,0,0,0.0,20,20.0
Ryan O'Keefe,101139,WR,UCF,2,0.0,1,1,-4.0,4.15,0,0,0.0,0.0,0,0,1,,2,0,0,323,65.2,70.1,50.9,74.3,0,0,2,1,100.0,39.6,50.0,1,0,0,0,0,0,0.0,0,0.0
Anthony Sambucci,130663,WR,W MICHIGAN,2,100.0,1,1,33.0,3.5,0,0,0.0,100.0,1,1,0,0.0,1,0,1,347,77.5,59.8,88.0,,0,0,2,2,,158.3,0.0,0,0,0,0,1,0,0.0,31,31.0
Damon Ward Jr.,100880,WR,N TEXAS,1,0.0,1,1,16.0,4.2,0,0,0.0,0.0,0,1,1,,1,0,0,251,70.8,63.8,48.5,,0,0,1,2,0.0,39.6,0.0,0,0,0,0,0,0,0.0,0,0.0
Devaughn Vele,100637,WR,UTAH,1,100.0,1,1,9.0,3.1,0,0,0.0,100.0,1,0,0,0.0,1,0,0,328,55.8,69.9,77.2,57.7,0,0,1,0,,104.2,0.0,0,0,0,0,0,0,0.0,9,9.0
Jay Butterfield,131706,QB,OREGON,1,100.0,1,1,-7.0,1.6,0,0,0.0,100.0,1,0,0,0.0,1,0,0,264,67.5,63.8,61.0,60.8,0,0,1,0,,79.2,0.0,0,0,0,0,0,0,0.0,1,1.0
Chase Griffin,100579,QB,UCLA,1,100.0,1,1,12.0,2.1,0,0,0.0,0.0,0,0,0,100.0,1,1,0,324,60.3,57.9,56.6,,0,0,1,0,,39.6,0.0,0,0,0,0,0,0,0.0,0,0.0
Jared Wayne,99691,WR,PITTSBURGH,1,0.0,1,1,19.0,3.1,0,0,0.0,0.0,0,0,0,,1,0,0,268,49.1,82.6,33.8,,0,1,1,3,,0.0,0.0,0,0,0,0,0,1,100.0,0,0.0
Demarcus Jones II,99614,HB,NC STATE,1,,0,1,,3.6,0,0,0.0,0.0,0,0,1,,1,0,0,248,76.4,58.1,60.0,65.5,1,0,1,0,0.0,39.6,0.0,0,0,0,0,0,0,0.0,0,0.0
Jensen Jones,133209,QB,AIR FORCE,1,0.0,1,1,-3.0,2.9,0,0,0.0,0.0,0,0,1,,1,0,0,101,75.7,72.8,54.4,69.9,0,0,1,0,0.0,39.6,0.0,0,0,0,0,0,0,0.0,0,0.0
Marcus Major,99488,HB,OKLAHOMA,1,100.0,1,1,-4.0,0.7,0,0,0.0,100.0,1,0,0,0.0,1,0,0,261,82.8,69.2,60.6,68.9,0,0,1,0,,79.2,0.0,0,0,0,0,0,0,0.0,-2,-2.0
Kobe Paysour,143974,WR,N CAROLINA,1,0.0,1,1,-6.0,4.2,0,0,0.0,0.0,0,0,0,,1,0,0,245,27.2,61.2,57.7,,0,0,1,0,,39.6,0.0,0,0,0,0,0,0,0.0,0,0.0
Chance Black,144069,HB,VA TECH,1,0.0,1,1,25.0,4.3,0,0,0.0,0.0,0,0,0,,1,0,0,337,59.0,64.3,58.4,67.2,0,0,1,0,,39.6,0.0,0,0,0,0,0,0,0.0,0,0.0
Joshua Cephus,98095,WR,UTSA,2,100.0,1,1,-5.0,3.5,0,0,0.0,100.0,1,0,0,0.0,1,0,0,331,66.5,73.5,60.4,57.7,0,0,2,3,,104.2,0.0,0,0,0,0,0,0,0.0,9,9.0
Dalvin Smith,98019,WR,W KENTUCKY,1,0.0,1,1,33.0,4.3,0,0,0.0,0.0,0,0,1,,1,0,0,346,21.2,61.9,50.1,,0,0,1,1,0.0,39.6,0.0,0,0,0,0,0,0,0.0,0,0.0
Maquel Haywood,144314,HB,NAVY,1,0.0,1,1,27.0,2.9,0,0,0.0,0.0,0,0,0,,1,0,0,237,85.7,76.0,37.9,85.5,0,1,1,1,,0.0,0.0,0,0,0,0,0,1,100.0,0,0.0
Lance LeGendre,97779,QB,LA LAFAYET,1,,0,1,,5.5,0,0,0.0,0.0,0,0,1,,1,0,0,207,69.1,73.3,60.0,60.5,0,0,1,1,0.0,39.6,0.0,0,0,0,1,0,0,0.0,0,0.0
Zakhari Franklin,97620,WR,UTSA,1,,0,1,,4.3,0,0,0.0,0.0,0,0,1,,1,0,0,331,75.6,76.7,60.0,,0,0,1,2,0.0,39.6,0.0,0,0,0,1,0,0,0.0,0,0.0
Ryan Davis,97321,WR,UAB,1,0.0,1,1,-4.0,3.0,0,0,0.0,0.0,0,0,0,,1,0,0,321,66.4,79.2,60.6,,0,0,1,0,,39.6,0.0,0,0,0,0,0,0,0.0,0,0.0
Jaden Nixon,144652,HB,OKLA STATE,1,100.0,1,1,-4.0,2.7,0,0,0.0,100.0,1,0,0,0.0,1,0,0,262,64.5,69.1,60.4,73.1,0,0,1,0,,79.2,0.0,0,0,0,0,0,0,0.0,2,2.0
Xavier Worthy,144718,WR,TEXAS,1,100.0,1,1,30.0,3.0,0,0,0.0,100.0,1,0,0,0.0,1,0,1,311,66.8,71.0,75.7,,0,0,1,1,,158.3,0.0,0,0,0,0,1,0,0.0,33,33.0
Jamious Griffin,97189,HB,OREGON ST,1,100.0,1,1,-4.0,2.7,0,0,0.0,0.0,0,0,0,100.0,1,1,0,265,69.9,81.2,60.4,81.9,0,0,1,0,,39.6,0.0,0,0,0,0,0,0,0.0,0,0.0
Donaven McCulley,144829,WR,INDIANA,1,100.0,1,1,14.0,4.0,0,0,0.0,100.0,1,0,0,0.0,1,0,1,190,71.8,59.9,72.6,59.2,0,0,1,2,,118.8,0.0,0,0,0,0,0,0,0.0,23,23.0
Dayton Wade,97181,WR,OLE MISS,1,0.0,1,1,43.0,4.2,0,0,0.0,0.0,0,0,0,,1,0,0,226,76.0,64.0,58.1,71.8,0,0,1,0,,39.6,0.0,0,0,0,0,0,0,0.0,0,0.0
Dashaun Davis,97178,WR,APP STATE,1,100.0,1,1,22.0,2.2,0,0,0.0,100.0,1,0,0,0.0,1,0,1,108,74.5,67.7,76.2,74.1,0,0,1,1,,158.3,0.0,0,0,0,0,1,0,0.0,17,17.0
Malik Washington,97108,WR,NWESTERN,3,100.0,1,1,5.0,4.33,0,0,0.0,100.0,1,0,2,0.0,3,0,0,256,34.7,71.1,58.9,56.1,0,0,3,1,50.0,91.7,33.3,1,1,0,0,0,0,0.0,6,6.0
Ron Cook Jr.,97070,HB,BUFFALO,1,100.0,1,1,7.0,3.2,0,0,0.0,100.0,1,0,0,0.0,1,0,1,126,90.1,75.7,77.2,75.6,0,0,1,0,,118.8,0.0,0,0,0,0,0,0,0.0,14,14.0
Aron Cruickshank,84516,WR,RUTGERS,1,100.0,1,1,-8.0,3.3,0,0,0.0,100.0,1,1,0,0.0,1,0,0,278,72.0,67.6,60.6,66.1,0,0,1,2,,91.7,0.0,0,0,0,0,0,0,0.0,6,6.0
Ronnie Bell,84288,WR,MICHIGAN,2,0.0,1,1,33.0,4.4,0,0,0.0,0.0,0,0,1,,2,0,0,222,28.2,74.3,47.5,63.2,0,0,2,0,100.0,39.6,50.0,1,0,0,0,0,0,0.0,0,0.0
Samson Evans,84228,HB,E MICHIGAN,1,100.0,1,1,6.0,2.1,0,0,0.0,100.0,1,0,0,0.0,1,0,1,160,85.0,82.4,71.5,84.3,0,0,1,0,,118.8,0.0,0,0,0,0,1,0,0.0,3,3.0
Shemar Thornton,84180,WR,N ILLINOIS,3,100.0,1,1,10.0,3.3,0,0,0.0,100.0,1,0,0,0.0,1,0,1,254,71.8,76.9,91.3,,0,0,3,2,,118.8,0.0,0,0,0,0,1,0,0.0,3,3.0
Tyrin Smith,145487,WR,UTEP,1,100.0,1,1,31.0,4.9,0,0,0.0,100.0,1,0,1,0.0,1,0,1,330,55.6,72.8,75.7,61.4,0,0,1,2,0.0,118.8,0.0,0,0,0,0,0,0,0.0,56,56.0
Brenden Brady,83795,HB,UTSA,1,100.0,1,1,37.0,3.4,0,0,0.0,100.0,1,0,1,0.0,1,0,1,331,80.8,73.8,58.0,80.6,0,0,1,0,0.0,158.3,0.0,0,0,0,0,1,0,0.0,35,35.0
Bailey Rice,145570,P,CHARLOTTE,1,100.0,1,1,7.0,2.4,0,0,0.0,100.0,1,0,0,0.0,1,0,1,136,60.3,61.7,62.2,,0,0,1,0,,118.8,0.0,0,0,0,0,0,0,0.0,21,21.0
Jordan Byrd,83748,HB,S DIEGO ST,1,0.0,1,1,22.0,3.5,0,0,0.0,0.0,0,0,1,,1,0,0,284,62.1,68.3,50.4,72.6,0,0,1,1,0.0,39.6,0.0,0,0,0,0,0,0,0.0,0,0.0
Toa Taua,83722,HB,NEVADA,2,,0,1,,2.7,0,0,0.0,0.0,0,0,2,,2,0,0,239,91.2,77.0,55.4,78.3,1,0,2,1,50.0,39.6,50.0,1,0,0,0,0,0,0.0,0,0.0
Ryan Jankowski,145600,QB,AKRON,2,0.0,1,1,18.0,4.35,0,0,0.0,0.0,0,0,2,,2,0,0,102,64.4,45.5,43.3,60.0,0,0,2,1,50.0,39.6,50.0,1,0,0,0,0,0,0.0,0,0.0
Kiael Kelly,145634,QB,BALL ST,1,100.0,1,1,0.0,2.0,0,0,0.0,100.0,1,0,0,0.0,1,0,1,117,71.9,92.0,60.4,84.0,0,0,1,0,,118.8,0.0,0,0,0,0,0,0,0.0,23,23.0
Mitchell Tomasek,145765,P,E MICHIGAN,1,0.0,1,1,17.0,5.0,0,0,0.0,0.0,0,0,1,,1,0,0,160,60.3,58.5,57.7,,0,0,1,0,0.0,39.6,0.0,0,0,0,0,0,0,0.0,0,0.0
Josh Smith,145784,P,KENT STATE,2,100.0,1,1,6.0,2.2,0,0,0.0,100.0,1,0,0,0.0,1,0,1,201,61.8,69.3,70.9,,0,0,2,0,,118.8,0.0,0,0,0,0,0,0,0.0,14,14.0
Vontravious Hall,83526,WR,NEW MEXICO,1,0.0,1,1,21.0,3.2,0,0,0.0,0.0,0,0,1,,1,0,0,241,67.3,54.7,50.8,,0,0,1,0,0.0,39.6,0.0,0,0,0,0,0,0,0.0,0,0.0
Jamarye Joiner,82071,WR,ARIZONA,1,,0,1,,5.3,0,0,0.0,0.0,0,0,1,,1,0,0,109,73.7,53.5,60.0,57.7,0,0,1,0,0.0,39.6,0.0,0,0,0,1,0,0,0.0,0,0.0
Walker Eget,146170,QB,S JOSE ST,1,0.0,1,1,29.0,2.2,0,0,0.0,0.0,0,0,0,,1,0,0,285,63.7,50.0,52.5,60.0,0,0,1,0,,39.6,0.0,0,0,0,0,0,0,0.0,0,0.0
Dylan Drummond,78187,WR,E MICHIGAN,1,100.0,1,1,18.0,3.4,0,0,0.0,100.0,1,0,1,0.0,1,0,1,160,82.4,68.2,73.1,,0,0,1,1,0.0,118.8,0.0,0,0,0,0,0,0,0.0,23,23.0
Jayden Reed,78171,WR,MICH STATE,1,100.0,1,1,27.0,2.8,0,0,0.0,100.0,1,0,0,0.0,1,0,1,223,47.0,70.4,58.4,59.6,0,0,1,2,,158.3,0.0,0,0,0,0,1,0,0.0,25,25.0
Nick Haberer,146532,P,WASH STATE,1,100.0,1,1,13.0,1.8,0,0,0.0,100.0,1,0,0,0.0,1,0,1,341,60.3,70.7,75.4,,0,0,1,0,,118.8,0.0,0,0,0,0,0,0,0.0,36,36.0
Malik Knowles,78141,WR,KANSAS ST,1,100.0,1,1,10.0,3.0,0,0,0.0,100.0,1,0,0,0.0,1,0,1,199,36.1,75.7,72.6,82.9,0,0,1,1,,112.5,0.0,0,0,0,0,0,0,0.0,11,11.0
Sam James,78123,WR,W VIRGINIA,1,100.0,1,1,10.0,4.1,0,0,0.0,100.0,1,0,1,0.0,1,0,1,343,76.7,64.4,72.6,63.0,0,0,1,2,0.0,116.7,0.0,0,0,0,0,0,0,0.0,12,12.0
Jarquez Hunter,146662,HB,AUBURN,2,100.0,1,1,23.0,2.7,0,0,0.0,100.0,1,0,0,0.0,1,0,1,115,64.5,80.1,76.6,82.7,0,0,2,0,,158.3,0.0,0,0,0,0,1,0,0.0,20,20.0
Taye Barber,78107,WR,TCU,2,100.0,1,1,15.0,4.9,0,0,0.0,100.0,1,0,1,0.0,2,0,1,305,74.7,70.8,70.7,,0,0,2,1,100.0,118.8,50.0,1,0,0,0,0,0,0.0,18,18.0
Drake Stoops,78087,WR,OKLAHOMA,2,100.0,1,1,11.0,4.3,0,0,0.0,100.0,1,0,1,0.0,2,0,1,261,74.7,65.9,72.6,62.3,0,0,2,0,0.0,118.8,0.0,0,1,0,0,0,0,0.0,13,13.0
Montrell Johnson Jr.,147141,HB,FLORIDA,1,,0,1,,3.1,0,0,0.0,0.0,0,0,0,,1,0,0,163,79.8,77.7,60.0,82.6,0,0,1,0,,39.6,0.0,0,0,0,1,0,0,0.0,0,0.0
Bryson Daily,147303,QB,ARMY,2,100.0,1,1,35.0,3.6,0,0,0.0,0.0,0,0,1,100.0,2,1,0,114,26.1,94.5,74.7,90.4,0,0,2,0,100.0,39.6,50.0,1,0,0,0,0,0,0.0,0,0.0
Devontae Houston,147375,HB,UCONN,1,100.0,1,1,-6.0,2.5,0,0,0.0,100.0,1,0,1,0.0,2,0,0,146,69.9,79.2,58.9,76.0,0,0,2,1,100.0,95.8,50.0,1,0,0,0,0,0,0.0,7,7.0
Brayden Willis,77917,TE,OKLAHOMA,1,100.0,1,1,19.0,2.9,0,0,0.0,100.0,1,0,1,0.0,1,0,1,261,47.2,70.5,72.6,62.2,0,0,1,2,0.0,158.3,0.0,0,0,0,0,1,0,0.0,24,24.0
Chase Brown,77787,HB,ILLINOIS,1,0.0,1,1,17.0,3.3,0,0,0.0,0.0,0,0,1,,1,0,0,187,74.5,81.2,48.5,81.6,0,0,1,2,0.0,39.6,0.0,0,0,0,0,0,0,0.0,0,0.0
Chase Roberts,147528,WR,BYU,1,100.0,1,1,-3.0,3.0,0,0,0.0,100.0,1,0,0,0.0,1,0,1,128,71.4,70.1,60.6,58.3,0,0,1,0,,158.3,0.0,0,0,0,0,1,0,0.0,22,22.0
Dontae Smith,77717,HB,GA TECH,1,100.0,1,1,23.0,3.1,0,0,0.0,100.0,1,0,0,0.0,1,0,1,176,57.3,70.6,78.3,75.8,0,0,1,0,,158.3,0.0,0,0,0,0,1,0,0.0,24,24.0
Wyatt Rector,77687,TE,FLORIDA ST,2,100.0,1,1,4.0,3.0,0,0,0.0,100.0,1,0,1,0.0,1,0,1,167,67.1,49.0,47.4,56.7,0,0,2,0,0.0,118.8,0.0,0,0,0,0,1,1,50.0,2,2.0
Antonio Williams,156241,WR,CLEMSON,1,100.0,1,1,-3.0,2.8,0,0,0.0,100.0,1,1,1,0.0,1,0,0,140,44.3,68.5,60.4,59.0,0,0,1,1,0.0,91.7,0.0,0,0,0,0,0,0,0.0,6,6.0
Quaterrius Tolbert,156584,WR,MIDDLE TN,1,100.0,1,1,-8.0,3.2,0,0,0.0,100.0,1,0,0,0.0,1,0,0,224,69.1,49.1,61.0,,0,0,1,0,,79.2,0.0,0,0,0,0,0,0,0.0,-1,-1.0
Alonza Barnett III,156710,QB,JAMES MAD,1,100.0,1,1,-2.0,1.5,0,0,0.0,100.0,1,0,0,0.0,1,0,0,197,69.7,66.1,61.0,63.1,0,0,1,0,,118.8,0.0,0,0,0,0,0,0,0.0,14,14.0
Peter Zamora,156788,QB,MARSHALL,1,0.0,1,1,4.0,1.7,0,0,0.0,0.0,0,0,0,,1,0,0,214,60.3,61.8,60.4,,0,0,1,0,,39.6,0.0,0,0,0,0,0,0,0.0,0,0.0
Jacob Conover,70963,QB,BYU,1,,0,1,,3.0,0,0,0.0,0.0,0,0,1,,1,0,0,128,68.7,59.1,60.0,59.3,0,0,1,0,0.0,39.6,0.0,0,0,0,1,0,0,0.0,0,0.0
Quinshon Judkins,157128,HB,OLE MISS,1,100.0,1,1,-5.0,0.7,0,0,0.0,100.0,1,0,0,0.0,1,0,0,226,81.2,88.2,60.4,90.8,0,0,1,1,,95.8,0.0,0,0,0,0,0,0,0.0,7,7.0
Elijah Cooks,61501,WR,S JOSE ST,2,100.0,1,1,19.0,4.6,0,1,50.0,100.0,1,0,1,0.0,1,0,1,285,75.1,83.5,72.9,,0,0,2,1,0.0,118.8,0.0,0,0,0,0,0,0,0.0,19,19.0
Tyjon Lindsey,61489,WR,OREGON ST,1,100.0,1,1,6.0,3.9,0,0,0.0,100.0,1,0,1,0.0,1,0,1,265,71.9,69.0,60.4,63.2,0,0,1,1,0.0,118.8,0.0,0,0,0,0,0,0,0.0,27,27.0
Jacoby Jones,157518,WR,OHIO,1,100.0,1,1,2.0,3.3,0,0,0.0,100.0,1,0,1,0.0,1,0,1,259,74.7,85.9,60.4,,0,0,1,1,0.0,118.8,0.0,0,0,0,0,0,0,0.0,17,17.0
Quian Williams,61237,WR,BUFFALO,1,100.0,1,1,10.0,3.4,0,0,0.0,100.0,1,0,0,0.0,1,0,1,126,63.3,70.0,55.3,59.6,0,0,1,2,,118.8,0.0,0,0,0,0,0,0,0.0,15,15.0
Jordyn Tyson,157690,WR,COLORADO,1,100.0,1,1,36.0,3.3,0,0,0.0,100.0,1,0,0,0.0,1,0,1,143,75.1,70.9,58.0,56.2,0,0,1,1,,118.8,0.0,0,0,0,0,0,0,0.0,37,37.0
Nick Evers,158082,QB,OKLAHOMA,1,0.0,1,1,5.0,2.3,0,0,0.0,0.0,0,0,0,,1,0,0,261,60.3,45.8,45.9,,0,0,1,0,,39.6,0.0,0,0,0,0,0,0,0.0,0,0.0
Preston Rice,60469,QB,MIDDLE TN,1,100.0,1,1,-2.0,1.1,0,0,0.0,100.0,1,0,0,0.0,1,0,0,224,71.2,57.8,60.4,57.4,0,0,1,0,,79.2,0.0,0,0,0,0,0,0,0.0,-3,-3.0
Keytaon Thompson,60457,WR,VIRGINIA,1,0.0,1,1,7.0,2.0,0,0,0.0,0.0,0,0,1,,1,0,0,335,75.1,72.2,54.1,61.7,0,0,1,0,0.0,39.6,0.0,0,0,0,0,0,0,0.0,0,0.0
Dalen Cobb,158341,WR,GA SOUTHRN,1,0.0,1,1,45.0,3.6,0,0,0.0,0.0,0,0,0,,1,0,0,174,66.9,58.6,49.9,,0,0,1,0,,39.6,0.0,0,0,0,0,0,0,0.0,0,0.0
Nate Johnson,158489,QB,UTAH,1,100.0,1,1,6.0,2.9,0,0,0.0,100.0,1,0,0,0.0,1,0,1,328,68.7,76.0,60.4,72.1,0,0,1,0,,158.3,0.0,0,0,0,0,1,0,0.0,16,16.0
Alex Orji,158545,QB,MICHIGAN,1,100.0,1,1,-4.0,1.2,0,0,0.0,100.0,1,0,0,0.0,1,0,0,222,70.5,82.0,60.4,73.4,0,0,1,0,,87.5,0.0,0,0,0,0,0,0,0.0,5,5.0
Hunter Johnson,60362,QB,CLEMSON,1,100.0,1,1,-3.0,1.4,0,0,0.0,100.0,1,0,0,0.0,1,0,0,140,60.3,61.9,60.6,,0,0,1,0,,79.2,0.0,0,0,0,0,0,0,0.0,1,1.0
Brandon Mann,162822,QB,MICHIGAN,1,100.0,1,1,7.0,2.0,0,0,0.0,100.0,1,0,0,0.0,1,0,0,222,60.3,61.1,60.4,,0,0,1,0,,95.8,0.0,0,0,0,0,0,0,0.0,7,7.0
Bryce Baringer,60274,P,MICH STATE,1,0.0,1,1,19.0,4.2,0,0,0.0,0.0,0,0,1,,1,0,0,223,60.3,57.5,57.7,60.0,0,1,1,0,0.0,0.0,0.0,0,0,0,0,0,0,0.0,0,0.0
Harold Fannin Jr.,163104,TE,BOWL GREEN,1,0.0,1,1,17.0,2.8,0,0,0.0,0.0,0,0,0,,1,0,0,122,74.3,71.2,54.8,71.1,0,0,1,2,,39.6,0.0,0,0,0,0,0,0,0.0,0,0.0
Rontavius Groves,40901,WR,TEXAS ST,1,0.0,1,1,30.0,3.3,0,0,0.0,0.0,0,0,1,,1,0,0,314,79.5,57.5,49.9,,0,0,1,0,0.0,39.6,0.0,0,0,0,0,0,0,0.0,0,0.0
Myles Price,123155,WR,TEXAS TECH,1,,0,1,,3.8,0,0,0.0,0.0,0,0,1,,1,0,0,315,36.3,64.3,60.0,,0,0,1,0,0.0,39.6,0.0,0,0,0,1,0,0,0.0,0,0.0
